TweetsAgo,Target,User,Date,Positive,Neutral,Negative,Compound,Text
100,BBCWorld,BBC News (World),2017-11-30 15:48:50+00:00,0.0,1.0,0.0,0.0,RT @BBCBreaking: White House discussing plan to replace Secretary of State Rex Tillerson with CIA chief Mike Pompeo - US media https://t.co‚Ä¶
99,BBCWorld,BBC News (World),2017-11-30 15:50:49+00:00,0.0,1.0,0.0,0.0,RT @BBCBusiness: Are you watching the Bitcoin drama? https://t.co/L8vL87GT5W https://t.co/WWVVRmWCEM
98,BBCWorld,BBC News (World),2017-11-30 15:53:00+00:00,0.0,1.0,0.0,0.0,White House 'has plan to replace Tillerson' https://t.co/LNmG4HWxuR
97,BBCWorld,BBC News (World),2017-11-30 16:00:41+00:00,0.0,1.0,0.0,0.0,Ikea in Italy row over sacked Milan single mum https://t.co/ebr7yAXLmS
96,BBCWorld,BBC News (World),2017-11-30 16:12:23+00:00,0.0,1.0,0.0,0.0,Iceland's Left-Green leader Jakobsd√≥ttir becomes new PM https://t.co/OOsXmEAFmq
95,BBCWorld,BBC News (World),2017-11-30 16:12:23+00:00,0.0,1.0,0.0,0.0,Theresa May: Trump was 'wrong' to retweet far-right posts https://t.co/j7toCKASKm
94,BBCWorld,BBC News (World),2017-11-30 16:41:29+00:00,0.131,0.584,0.285,-0.4767,Syria war: UN seeks urgent Eastern Ghouta medical evacuations https://t.co/xYuWuSkxJs
93,BBCWorld,BBC News (World),2017-11-30 17:03:43+00:00,0.0,1.0,0.0,0.0,Hague headache https://t.co/7K3MRrE5LQ
92,BBCWorld,BBC News (World),2017-11-30 17:04:20+00:00,0.0,1.0,0.0,0.0,"RT @BBCNews: Don't @ me: Theresa May says Trump retweets were ""wrong""

https://t.co/QLJt6VwjYq https://t.co/npuVIAcaSB"
91,BBCWorld,BBC News (World),2017-11-30 17:12:07+00:00,0.0,0.48,0.52,-0.7579,Kim Jong-nam killing: Regime critic carried 'antidote' https://t.co/3275AFTqIs
90,BBCWorld,BBC News (World),2017-11-30 17:52:49+00:00,0.0,0.759,0.241,-0.8074,RT @BowenBBC: This was my take on the reasons why the Bosnian Croat war criminal Slobodan Praljak ended up at #ICTY in The Hague.   https:/‚Ä¶
89,BBCWorld,BBC News (World),2017-11-30 18:03:06+00:00,0.0,1.0,0.0,0.0,It's one way to beat the rat race üöóüöóüöåüöó https://t.co/pUEdpZrqf1
88,BBCWorld,BBC News (World),2017-11-30 18:07:56+00:00,0.0,0.806,0.194,-0.34,US soldier accuses Al Franken of groping her in Kuwait https://t.co/CBGGglvHj8
87,BBCWorld,BBC News (World),2017-11-30 18:40:06+00:00,0.0,1.0,0.0,0.0,What Ed Sheeran really needs to know about New Zealand https://t.co/mP2oxUSooh
86,BBCWorld,BBC News (World),2017-11-30 19:17:37+00:00,0.0,1.0,0.0,0.0,"Thunderbolts and lightning, @Space_Station style üöÄüåè https://t.co/NcFuTtZ9mx"
85,BBCWorld,BBC News (World),2017-11-30 19:30:08+00:00,0.0,0.857,0.143,-0.25,RT @BBCPolitics: Should @realDonaldTrump's planned state visit to the UK be cancelled? https://t.co/l0lY5uEh5R
84,BBCWorld,BBC News (World),2017-11-30 19:57:06+00:00,0.078,0.719,0.203,-0.4404,RT @BBCNews: 'Wrong Theresa May' demands apology for Donald Trump mis-tweet https://t.co/IFBoUD5mcU https://t.co/EoK0ZWi1sA
83,BBCWorld,BBC News (World),2017-11-30 20:43:07+00:00,0.0,1.0,0.0,0.0,"White House spokeswoman: ""I don't believe"" Trump knew who Britain First deputy leader Jayda Fransen was when he ret‚Ä¶ https://t.co/Ohag5oXIg8"
82,BBCWorld,BBC News (World),2017-11-30 20:49:10+00:00,0.0,1.0,0.0,0.0,"Rex Tillerson - the under-fire diplomat
https://t.co/eZqN3yVwp7"
81,BBCWorld,BBC News (World),2017-11-30 20:57:07+00:00,0.178,0.822,0.0,0.3818,"Stunning aerial photos capture New York and Los Angeles from above

https://t.co/5IPgGhdCU7 https://t.co/M53HF4zKt1"
80,BBCWorld,BBC News (World),2017-11-30 21:43:45+00:00,0.0,0.714,0.286,-0.4939,Canada calls inquest for 2012 Radiohead stage collapse https://t.co/wfVbyxqAbS
79,BBCWorld,BBC News (World),2017-11-30 21:47:25+00:00,0.0,1.0,0.0,0.0,Trump's 'filter bubble' https://t.co/dTxnq1V9Vw
78,BBCWorld,BBC News (World),2017-11-30 21:54:58+00:00,0.314,0.476,0.21,0.2732,Argentina ends missing sub 'rescue mission' https://t.co/GCY2vo9hSO
77,BBCWorld,BBC News (World),2017-11-30 22:17:56+00:00,0.216,0.784,0.0,0.5106,RT @DaveLeeBBC: Alexa goes to work. Will her colleagues trust her eavesdropping? https://t.co/6Maz8wJe44
76,BBCWorld,BBC News (World),2017-11-30 22:53:55+00:00,0.0,1.0,0.0,0.0,Rex Tillerson: White House dismisses reports of replacement https://t.co/P13lHuIcq4
75,BBCWorld,BBC News (World),2017-11-30 23:27:33+00:00,0.0,1.0,0.0,0.0,Nasa footage shows lightning from ISS https://t.co/fQB0LEZMiL
74,BBCWorld,BBC News (World),2017-11-30 23:31:11+00:00,0.0,1.0,0.0,0.0,Commuter in China paints own road signs https://t.co/z6PjtoAGx1
73,BBCWorld,BBC News (World),2017-11-30 23:31:11+00:00,0.0,1.0,0.0,0.0,Should Donald Trump get UK state visit? https://t.co/I2BLJTXTWS
72,BBCWorld,BBC News (World),2017-11-30 23:31:12+00:00,0.0,0.585,0.415,-0.7964,Nikki Haley: North Korea would be destroyed in war with US https://t.co/s23uQjXsCR
71,BBCWorld,BBC News (World),2017-11-30 23:31:15+00:00,0.0,1.0,0.0,0.0,Jeremy Bowen: 'Why I testified against Praljak' https://t.co/WqQODuoqZp
70,BBCWorld,BBC News (World),2017-12-01 00:21:19+00:00,0.0,1.0,0.0,0.0,Reza Zarrab case: Gold trader implicates Turkish president Erdogan https://t.co/U7wBfEXcl5
69,BBCWorld,BBC News (World),2017-12-01 01:18:49+00:00,0.248,0.752,0.0,0.5106,Why have Belgian drivers been given free chips this week? https://t.co/KmWq8OxDmy
68,BBCWorld,BBC News (World),2017-12-01 01:22:46+00:00,0.0,1.0,0.0,0.0,Mass evictions as Beijing is spruced up https://t.co/juvfMej3zn
67,BBCWorld,BBC News (World),2017-12-01 02:21:12+00:00,0.0,0.625,0.375,-0.34,Officer accidentally Tasers partner https://t.co/RYgciIsQ3z
66,BBCWorld,BBC News (World),2017-12-01 02:54:13+00:00,0.0,1.0,0.0,0.0,Tesla mega-battery in Australia activated https://t.co/cHfQnrGxol
65,BBCWorld,BBC News (World),2017-12-01 02:54:16+00:00,0.136,0.544,0.32,-0.5719,Kate Steinle shooting: Mexican Garcia Zarate acquitted of murder https://t.co/Q1P06LQ5z3
64,BBCWorld,BBC News (World),2017-12-01 03:31:01+00:00,0.0,0.672,0.328,-0.5994,Honduras election: Violent clashes ahead of final result https://t.co/7R5dqxiFKO
63,BBCWorld,BBC News (World),2017-12-01 03:31:01+00:00,0.0,1.0,0.0,0.0,Japan's Emperor Akihito to abdicate in April 2019 https://t.co/S4GxIlRf2A
62,BBCWorld,BBC News (World),2017-12-01 04:36:24+00:00,0.0,1.0,0.0,0.0,How the drinking straw became a million dollar idea https://t.co/8HV1C2ODnz
61,BBCWorld,BBC News (World),2017-12-01 04:43:50+00:00,0.0,1.0,0.0,0.0,Spectrum of opinion https://t.co/KVGGimh2N8
60,BBCWorld,BBC News (World),2017-12-01 04:43:50+00:00,0.0,0.484,0.516,-0.4939,Sandals and scandals https://t.co/GdZzffKcG9
59,BBCWorld,BBC News (World),2017-12-01 04:46:53+00:00,0.0,1.0,0.0,0.0,Holocaust notebook https://t.co/pfcszFyUzT
58,BBCWorld,BBC News (World),2017-12-01 05:14:21+00:00,0.0,1.0,0.0,0.0,Zimbabwe's Mnangagwa gives key cabinet jobs to military figures https://t.co/0tv9QVPWdM
57,BBCWorld,BBC News (World),2017-12-01 05:20:55+00:00,0.0,0.744,0.256,-0.4767,Pakistan attack: 'Heavy gunfire' heard at Peshawar training centre https://t.co/PKHX1sYMoZ
56,BBCWorld,BBC News (World),2017-12-01 05:47:39+00:00,0.0,1.0,0.0,0.0,Russell Simmons: Music mogul steps down after sex allegation https://t.co/BNwoikycAB
55,BBCWorld,BBC News (World),2017-12-01 06:49:20+00:00,0.184,0.589,0.227,-0.1321,Australia bank error recipient will not be prosecuted https://t.co/Aat7E3fot3
54,BBCWorld,BBC News (World),2017-12-01 06:56:05+00:00,0.0,1.0,0.0,0.0,Germany coalition: Merkel and SPD to hold more talks to end impasse https://t.co/ZM4ZgEg5vO
53,BBCWorld,BBC News (World),2017-12-01 07:21:27+00:00,0.163,0.837,0.0,0.5106,"RT @BBCMonitoring: Russian TV is excitedly awaiting today's #WorldCupDraw in Moscow, hosted by Maria Komandnaya and @GaryLineker. President‚Ä¶"
52,BBCWorld,BBC News (World),2017-12-01 07:46:52+00:00,0.0,1.0,0.0,0.0,Zimbabwe's Mnangagwa gives key cabinet jobs to military figures https://t.co/Q5nxOLKscZ
51,BBCWorld,BBC News (World),2017-12-01 08:18:12+00:00,0.239,0.761,0.0,0.296,'Zero tolerance' plan eyed for plastic pollution https://t.co/FyXTrsXqkv
50,BBCWorld,BBC News (World),2017-12-01 08:20:06+00:00,0.314,0.476,0.21,0.2732,"Argentina ends missing submarine rescue mission 
https://t.co/HgZYBZYa7l"
49,BBCWorld,BBC News (World),2017-12-01 08:30:10+00:00,0.0,0.706,0.294,-0.7845,"RT @bbcdavideades: #bbcBizLive No glittery Xmas here yet...but with warnings that glitter is bad for our environment, should we go out and‚Ä¶"
48,BBCWorld,BBC News (World),2017-12-01 08:39:03+00:00,0.0,1.0,0.0,0.0,"RT @BBCSteveR: One Russian paper today says ""the World Cup is over budget"" &amp; that ""one stadium might not be completed"". The World Cup draw‚Ä¶"
47,BBCWorld,BBC News (World),2017-12-01 08:45:57+00:00,0.0,0.693,0.307,-0.4767,India bus passenger arrested over smelly socks https://t.co/oKeqtxZoar
46,BBCWorld,BBC News (World),2017-12-01 09:16:42+00:00,0.0,1.0,0.0,0.0,Spain Catalonia: Bail hearing for separatist ministers https://t.co/ReA0oITpxv
45,BBCWorld,BBC News (World),2017-12-01 09:20:16+00:00,0.0,0.442,0.558,-0.9274,Okinawa rape and murder: US military base worker Shinzato jailed in Japan https://t.co/HHKtp624SB
44,BBCWorld,BBC News (World),2017-12-01 09:30:20+00:00,0.0,0.722,0.278,-0.4019,Dumped New Zealand house 'returned to sender' https://t.co/Y7IOhVR2XW
43,BBCWorld,BBC News (World),2017-12-01 09:40:00+00:00,0.0,0.273,0.727,-0.9231,Israeli soldier stabbed to death in 'terror attack' https://t.co/4tkAoUEf9t
42,BBCWorld,BBC News (World),2017-12-01 10:08:02+00:00,0.0,0.28,0.72,-0.7717,Miss Wheelchair's fight against harassment https://t.co/fRab8Y5uMx
41,BBCWorld,BBC News (World),2017-12-01 10:33:09+00:00,0.261,0.613,0.126,0.6369,"RT @BBCNewsPR: Another big congratulations to the team behind the Philippines War on Drugs report, which scooped the Best Single News Story‚Ä¶"
40,BBCWorld,BBC News (World),2017-12-01 10:41:26+00:00,0.0,0.66,0.34,-0.5574,US delays ban on 'unsafe' cluster bombs https://t.co/ou8GzunTFU
39,BBCWorld,BBC News (World),2017-12-01 11:38:27+00:00,0.0,1.0,0.0,0.0,"Fruit jewellery, sugar dolls https://t.co/1RXfNWt2W5"
38,BBCWorld,BBC News (World),2017-12-01 12:12:16+00:00,0.111,0.509,0.38,-0.7003,"Hesitant Europeans - 36%
Contented Europeans - 23%
EU Rejecters - 14%
Frustrated Pro-Europeans - 9%
Austerity Rebel‚Ä¶ https://t.co/IAmSJ2uoYq"
37,BBCWorld,BBC News (World),2017-12-01 12:24:50+00:00,0.396,0.39,0.214,0.4215,'Escape' artist rescued after failing to free himself https://t.co/1wbp4gqFKp
36,BBCWorld,BBC News (World),2017-12-01 12:24:53+00:00,0.0,1.0,0.0,0.0,Walmart pulls 'lynch journalists' T-shirt from sale https://t.co/HGHlYi39zl
35,BBCWorld,BBC News (World),2017-12-01 12:45:25+00:00,0.252,0.748,0.0,0.5719,Bette Nash: US flight attendant celebrates 60 years in the air https://t.co/1QNELae3di
34,BBCWorld,BBC News (World),2017-12-01 12:57:56+00:00,0.0,1.0,0.0,0.0,RT @BBC_HaveYourSay: #AskWoody - did the US ambassador's Twitter Q&amp;A get sidetracked by Trump? https://t.co/pi4m0PECqp
33,BBCWorld,BBC News (World),2017-12-01 13:05:07+00:00,0.0,0.667,0.333,-0.6705,Wanted Chechen IS jihadist Chatayev killed in Georgia siege https://t.co/j6Fk9JFiyn
32,BBCWorld,BBC News (World),2017-12-01 13:09:07+00:00,0.0,1.0,0.0,0.0,RT @bbcweather: EUROPE:  A potential stormy weekend in the Med and Adriatic as #mistral &amp; #bora winds develop. More snow for the Alps. Hele‚Ä¶
31,BBCWorld,BBC News (World),2017-12-01 13:13:20+00:00,0.0,0.37,0.63,-0.8807,Anger as India doctor mistakenly declares newborn dead https://t.co/ml069wCGo9
30,BBCWorld,BBC News (World),2017-12-01 13:17:06+00:00,0.0,1.0,0.0,0.0,Pope Francis uses term Rohingya in Bangladesh meeting https://t.co/UiKQIsGk3f
29,BBCWorld,BBC News (World),2017-12-01 13:33:00+00:00,0.0,0.806,0.194,-0.34,Turkey seeks arrest of ex-CIA officer Fuller over coup plot https://t.co/1hlGZ7c3dn
28,BBCWorld,BBC News (World),2017-12-01 14:23:06+00:00,0.119,0.792,0.089,0.1531,RT @BBCBreaking: Trump's ex-national security adviser Michael Flynn charged with making false statement to FBI in January https://t.co/Zw6t‚Ä¶
27,BBCWorld,BBC News (World),2017-12-01 14:45:50+00:00,0.0,0.763,0.237,-0.7096,"Michael Flynn: The man at the centre of Trump‚Äôs Russia crisis, who has been charged with making a false statement t‚Ä¶ https://t.co/a4zKluuqEY"
26,BBCWorld,BBC News (World),2017-12-01 14:59:55+00:00,0.186,0.659,0.155,0.0951,Republican holdouts back tax bill despite $1tn deficit alert https://t.co/DHPzZ6b6DI
25,BBCWorld,BBC News (World),2017-12-01 14:59:55+00:00,0.0,1.0,0.0,0.0,UN appeals for record $22.5bn humanitarian aid for 2018 https://t.co/LUGz7PaiNr
24,BBCWorld,BBC News (World),2017-12-01 15:22:55+00:00,0.535,0.465,0.0,0.3182,Far-right embrace https://t.co/vUnjzsx2Fm
23,BBCWorld,BBC News (World),2017-12-01 15:22:55+00:00,0.0,0.769,0.231,-0.34,Cohoes fire: Amateur US blacksmith burns down buildings https://t.co/5a2t04umKS
22,BBCWorld,BBC News (World),2017-12-01 15:23:33+00:00,0.138,0.781,0.082,0.3612,Flight attendant still working at 81: Bette Nash is celebrating 60 years working in the air and she has no plans to‚Ä¶ https://t.co/ztvh6okq12
21,BBCWorld,BBC News (World),2017-12-01 15:34:41+00:00,0.0,1.0,0.0,0.0,"RT @BBCSport: The 2018 Fifa #WorldCupDraw is moments away ‚öΩÔ∏è

Follow live coverage üëâ https://t.co/XhMcEMjVJd

Tweet us #bbcfootball https:/‚Ä¶"
20,BBCWorld,BBC News (World),2017-12-01 10:41:26+00:00,0.0,0.66,0.34,-0.5574,US delays ban on 'unsafe' cluster bombs https://t.co/ou8GzunTFU
19,BBCWorld,BBC News (World),2017-12-01 11:38:27+00:00,0.0,1.0,0.0,0.0,"Fruit jewellery, sugar dolls https://t.co/1RXfNWt2W5"
18,BBCWorld,BBC News (World),2017-12-01 12:12:16+00:00,0.111,0.509,0.38,-0.7003,"Hesitant Europeans - 36%
Contented Europeans - 23%
EU Rejecters - 14%
Frustrated Pro-Europeans - 9%
Austerity Rebel‚Ä¶ https://t.co/IAmSJ2uoYq"
17,BBCWorld,BBC News (World),2017-12-01 12:24:50+00:00,0.396,0.39,0.214,0.4215,'Escape' artist rescued after failing to free himself https://t.co/1wbp4gqFKp
16,BBCWorld,BBC News (World),2017-12-01 12:24:53+00:00,0.0,1.0,0.0,0.0,Walmart pulls 'lynch journalists' T-shirt from sale https://t.co/HGHlYi39zl
15,BBCWorld,BBC News (World),2017-12-01 12:45:25+00:00,0.252,0.748,0.0,0.5719,Bette Nash: US flight attendant celebrates 60 years in the air https://t.co/1QNELae3di
14,BBCWorld,BBC News (World),2017-12-01 12:57:56+00:00,0.0,1.0,0.0,0.0,RT @BBC_HaveYourSay: #AskWoody - did the US ambassador's Twitter Q&amp;A get sidetracked by Trump? https://t.co/pi4m0PECqp
13,BBCWorld,BBC News (World),2017-12-01 13:05:07+00:00,0.0,0.667,0.333,-0.6705,Wanted Chechen IS jihadist Chatayev killed in Georgia siege https://t.co/j6Fk9JFiyn
12,BBCWorld,BBC News (World),2017-12-01 13:09:07+00:00,0.0,1.0,0.0,0.0,RT @bbcweather: EUROPE:  A potential stormy weekend in the Med and Adriatic as #mistral &amp; #bora winds develop. More snow for the Alps. Hele‚Ä¶
11,BBCWorld,BBC News (World),2017-12-01 13:13:20+00:00,0.0,0.37,0.63,-0.8807,Anger as India doctor mistakenly declares newborn dead https://t.co/ml069wCGo9
10,BBCWorld,BBC News (World),2017-12-01 13:17:06+00:00,0.0,1.0,0.0,0.0,Pope Francis uses term Rohingya in Bangladesh meeting https://t.co/UiKQIsGk3f
9,BBCWorld,BBC News (World),2017-12-01 13:33:00+00:00,0.0,0.806,0.194,-0.34,Turkey seeks arrest of ex-CIA officer Fuller over coup plot https://t.co/1hlGZ7c3dn
8,BBCWorld,BBC News (World),2017-12-01 14:23:06+00:00,0.119,0.792,0.089,0.1531,RT @BBCBreaking: Trump's ex-national security adviser Michael Flynn charged with making false statement to FBI in January https://t.co/Zw6t‚Ä¶
7,BBCWorld,BBC News (World),2017-12-01 14:45:50+00:00,0.0,0.763,0.237,-0.7096,"Michael Flynn: The man at the centre of Trump‚Äôs Russia crisis, who has been charged with making a false statement t‚Ä¶ https://t.co/a4zKluuqEY"
6,BBCWorld,BBC News (World),2017-12-01 14:59:55+00:00,0.186,0.659,0.155,0.0951,Republican holdouts back tax bill despite $1tn deficit alert https://t.co/DHPzZ6b6DI
5,BBCWorld,BBC News (World),2017-12-01 14:59:55+00:00,0.0,1.0,0.0,0.0,UN appeals for record $22.5bn humanitarian aid for 2018 https://t.co/LUGz7PaiNr
4,BBCWorld,BBC News (World),2017-12-01 15:22:55+00:00,0.535,0.465,0.0,0.3182,Far-right embrace https://t.co/vUnjzsx2Fm
3,BBCWorld,BBC News (World),2017-12-01 15:22:55+00:00,0.0,0.769,0.231,-0.34,Cohoes fire: Amateur US blacksmith burns down buildings https://t.co/5a2t04umKS
2,BBCWorld,BBC News (World),2017-12-01 15:23:33+00:00,0.138,0.781,0.082,0.3612,Flight attendant still working at 81: Bette Nash is celebrating 60 years working in the air and she has no plans to‚Ä¶ https://t.co/ztvh6okq12
1,BBCWorld,BBC News (World),2017-12-01 15:34:41+00:00,0.0,1.0,0.0,0.0,"RT @BBCSport: The 2018 Fifa #WorldCupDraw is moments away ‚öΩÔ∏è

Follow live coverage üëâ https://t.co/XhMcEMjVJd

Tweet us #bbcfootball https:/‚Ä¶"
100,CBSNews,CBS News,2017-12-01 03:40:01+00:00,0.0,1.0,0.0,0.0,"In Saudi Arabia, women are asserting themselves in ways that were unimaginable until recently‚Ä¶ https://t.co/XBgTuDki3V"
99,CBSNews,CBS News,2017-12-01 03:49:16+00:00,0.143,0.857,0.0,0.4588,"Q: What is the political benefit for Pres. Trump in a government shutdown? 
@WaPoSean: [Pres.Trump] sees this as a‚Ä¶ https://t.co/ausknvRNU5"
98,CBSNews,CBS News,2017-12-01 03:55:56+00:00,0.069,0.73,0.202,-0.6249,"Pres. Trump calls the verdict in the Kate Steinle murder case ""disgraceful."" During his presidential campaign, he s‚Ä¶ https://t.co/oeYrFUN4W2"
97,CBSNews,CBS News,2017-12-01 04:17:33+00:00,0.063,0.777,0.16,-0.4588,Federal prosecutors asked for a 60-year prison sentence for a Michigan sports doctor who was caught with child porn‚Ä¶ https://t.co/9nzLD27sZb
96,CBSNews,CBS News,2017-12-01 04:40:01+00:00,0.083,0.917,0.0,0.2023,"""I think the word 'plus-size' is so divisive to women,"" top model Ashley Graham tells Gayle King in @CBSSunday inte‚Ä¶ https://t.co/hXoysT7K2x"
95,CBSNews,CBS News,2017-12-01 04:55:01+00:00,0.238,0.762,0.0,0.6486,Man sues Pittsburgh's Kennywood amusement park after he says he contracted an eye-eating parasite at the popular Ra‚Ä¶ https://t.co/BL8XPiQxqE
94,CBSNews,CBS News,2017-12-01 05:02:08+00:00,0.186,0.814,0.0,0.1531,"Trump calls Kate Steinle verdict ""disgraceful"" https://t.co/kHPFPKHCVn https://t.co/OxvzDd04F3"
93,CBSNews,CBS News,2017-12-01 05:03:05+00:00,0.097,0.903,0.0,0.1027,Bette Midler calls on Geraldo Rivera to apologize for alleged groping incident https://t.co/QZtluid8uo https://t.co/sRn0aGbwdW
92,CBSNews,CBS News,2017-12-01 05:18:07+00:00,0.0,1.0,0.0,0.0,"President Trump, first lady Melania Trump light National Christmas Tree https://t.co/b3NjO8EMGi https://t.co/DPV7I4caYt"
91,CBSNews,CBS News,2017-12-01 05:33:04+00:00,0.0,0.861,0.139,-0.2732,"""You are a bully"": Judge rebukes man who sucker-punched victim with cerebral palsy https://t.co/IyF8vvYwef https://t.co/JLLYQaRTCe"
90,CBSNews,CBS News,2017-12-01 05:48:05+00:00,0.165,0.714,0.121,0.2023,"Mariah Woods missing: FBI tests ""items of interest"" in search for N.C. girl, 3 https://t.co/8wfRxzc98h https://t.co/4wiVrNT3UM"
89,CBSNews,CBS News,2017-12-01 06:03:06+00:00,0.0,1.0,0.0,0.0,"Dog steps on shotgun, shoots hunter https://t.co/tqHZAan2md https://t.co/K0odGRlIy5"
88,CBSNews,CBS News,2017-12-01 06:18:09+00:00,0.0,1.0,0.0,0.0,Delaware 4.1-magnitude earthquake rattles Mid-Atlantic region https://t.co/3CCj16gRcv https://t.co/1UdFfM2TwZ
87,CBSNews,CBS News,2017-12-01 06:33:06+00:00,0.0,0.66,0.34,-0.5574,Jay-Z talks about cheating on Beyonc√© https://t.co/cxworK2Thl https://t.co/BplUIYRlSC
86,CBSNews,CBS News,2017-12-01 06:48:06+00:00,0.204,0.704,0.092,0.3818,"Matt Lauer on sexual misconduct allegations: ""I am truly sorry"" https://t.co/mnEJzq4zwE https://t.co/Z76mgoLOkq"
85,CBSNews,CBS News,2017-12-01 07:03:06+00:00,0.0,0.775,0.225,-0.4939,Man stumbles upon 1979 Porsche reported stolen 27 years ago https://t.co/VQ8F9HEkUu https://t.co/eJ225MXNyd
84,CBSNews,CBS News,2017-12-01 07:18:08+00:00,0.258,0.594,0.148,0.3757,Kate Steinle trial: Jose Ines Garcia Zarate found not guilty of murder in fatal pier shooting‚Ä¶ https://t.co/npqhTtxOam
83,CBSNews,CBS News,2017-12-01 07:33:04+00:00,0.0,1.0,0.0,0.0,"Walmart pulls ""Rope. Tree. Journalist."" T-shirt from site https://t.co/9xxGc96By1 https://t.co/pTYfLyw78H"
82,CBSNews,CBS News,2017-12-01 07:48:04+00:00,0.0,0.677,0.323,-0.5106,Lawsuit accuses Philadelphia Eagles player of seducing man's wife https://t.co/IOnoJIWH1L https://t.co/msO29P0fBf
81,CBSNews,CBS News,2017-12-01 08:03:05+00:00,0.155,0.845,0.0,0.296,Diplomatic posts on high alert amid possible U.S. move on Jerusalem https://t.co/pgEXjHHU4J https://t.co/A4Hbugc7Na
80,CBSNews,CBS News,2017-12-01 08:18:10+00:00,0.0,0.509,0.491,-0.891,"""A horror movie"": Neighbor heard ""terrifying"" screams night of Temple student's murder https://t.co/4yu5ldEnxN https://t.co/FinPp02HuU"
79,CBSNews,CBS News,2017-12-01 08:24:10+00:00,0.0,1.0,0.0,0.0,Japan's emperor to become 1st to abdicate in 200 years https://t.co/7sf3FUxOkG https://t.co/VsozZqjeo4
78,CBSNews,CBS News,2017-12-01 08:33:05+00:00,0.0,0.628,0.372,-0.7964,"Teens indicted in shooting death of boy, 6, found in stolen car https://t.co/TOwYfiEuow https://t.co/1wHwttedSn"
77,CBSNews,CBS News,2017-12-01 08:48:05+00:00,0.114,0.446,0.441,-0.765,"Co-workers joked Tampa serial slaying suspect was ""the killer"" before arrest https://t.co/ZR466AmAjl https://t.co/fZBqtMfATs"
76,CBSNews,CBS News,2017-12-01 09:03:05+00:00,0.0,0.811,0.189,-0.5423,"6,000 drug cases linked to ""rogue chemist"" at Mass. crime lab to be dismissed https://t.co/SqNpjkBspd https://t.co/A9Pwre7hBS"
75,CBSNews,CBS News,2017-12-01 09:18:08+00:00,0.0,0.759,0.241,-0.5423,Alaska Airlines investigates sexual harassment claim made by ex-Facebook executive https://t.co/JaPeCQR1IH https://t.co/pABAv5Huk6
74,CBSNews,CBS News,2017-12-01 09:26:05+00:00,0.0,0.421,0.579,-0.9001,"Philly man accused of teen's brutal murder, burning body https://t.co/OW6fG7GeWT https://t.co/OBQkhIveZy"
73,CBSNews,CBS News,2017-12-01 09:33:06+00:00,0.0,0.859,0.141,-0.2023,Rhode Island parents charged after fentanyl found in deceased infant https://t.co/6QKMW0AIxq https://t.co/SYpJ3YZ8zW
72,CBSNews,CBS News,2017-12-01 09:42:06+00:00,0.0,0.721,0.279,-0.4767,Taliban claims deadly attack on research students https://t.co/nWChVnmgxm https://t.co/cOZfF4a2R9
71,CBSNews,CBS News,2017-12-01 09:48:05+00:00,0.0,1.0,0.0,0.0,"Florida teen who ran away with soccer coach had boyfriend, police say https://t.co/qtYKLcZS4G https://t.co/kaW0EmzweH"
70,CBSNews,CBS News,2017-12-01 10:03:05+00:00,0.0,0.552,0.448,-0.8442,Doctor: Texas girl Sherin Matthews showed signs of abuse before death https://t.co/KnfJMCpJn5
69,CBSNews,CBS News,2017-12-01 10:18:07+00:00,0.165,0.714,0.121,0.2023,"Mariah Woods missing: FBI tests ""items of interest"" in search for N.C. girl, 3 https://t.co/Pghf6YtH6D https://t.co/diABYgXTiD"
68,CBSNews,CBS News,2017-12-01 10:33:05+00:00,0.13,0.87,0.0,0.2023,"Top model Ashley Graham calls the term ""plus-size"" divisive to women https://t.co/Q2WhYD3Yjd https://t.co/Y5pkt48vmt"
67,CBSNews,CBS News,2017-12-01 10:48:06+00:00,0.0,0.861,0.139,-0.2732,Cops: Kidnap victim found in woods by group searching for Christmas tree https://t.co/ruuATmUvu5 https://t.co/DKKegtNriK
66,CBSNews,CBS News,2017-12-01 11:03:07+00:00,0.19,0.588,0.222,-0.128,Long-acting drugs may offer new hope for migraine sufferers https://t.co/FigOSq3VUR https://t.co/aq5lNKxE2D
65,CBSNews,CBS News,2017-12-01 11:16:01+00:00,0.0,0.863,0.137,-0.4019,Ahead on @CBSThisMorning: The Republican tax plan hits a snag in the Senate. How deficit concerns could complicate‚Ä¶ https://t.co/YOnJPkutbm
64,CBSNews,CBS News,2017-12-01 11:24:00+00:00,0.0,1.0,0.0,0.0,"RT @CBSThisMorning: COMING UP ON @CBSTHISMORNING:
üîú@JohnDickerson joins us in Studio 57
üîú@petervansant discusses the upcoming @48hours epis‚Ä¶"
63,CBSNews,CBS News,2017-12-01 11:25:02+00:00,0.148,0.852,0.0,0.5106,"Japan's much admired Emperor Akihito will abdicate the throne in 2019, the first such departure in about 200 years:‚Ä¶ https://t.co/UM3d1qcwQ7"
62,CBSNews,CBS News,2017-12-01 11:35:01+00:00,0.185,0.815,0.0,0.3612,".@MoRocca catches up with comedy legend Carol Burnett, ahead on @CBSThisMorning. https://t.co/npKgZeYuNz"
61,CBSNews,CBS News,2017-12-01 11:40:01+00:00,0.037,0.491,0.472,-0.9451,Japanese court convicts former U.S. Marine of murder and rape charges in death of Okinawa woman and sentences him t‚Ä¶ https://t.co/etKZvS39vE
60,CBSNews,CBS News,2017-12-01 11:45:01+00:00,0.0,1.0,0.0,0.0,White House chief of staff John Kelly recently signed off on a plan to show U.S. Secretary of State Rex Tillerson t‚Ä¶ https://t.co/i3oY6Lw6ut
59,CBSNews,CBS News,2017-12-01 12:00:02+00:00,0.0,0.766,0.234,-0.5994,"The looming departure of Secretary of State Rex Tillerson and the threat from North Korea are ""destabilizing,""‚Ä¶ https://t.co/BXfTBIcKx6"
58,CBSNews,CBS News,2017-12-01 12:05:40+00:00,0.134,0.63,0.235,-0.34,Senate Republicans are scrambling to save their tax bill after it hit a stumbling block over deficit concerns.‚Ä¶ https://t.co/k28tQPgUHd
57,CBSNews,CBS News,2017-12-01 12:08:48+00:00,0.0,1.0,0.0,0.0,Stocks hit an all-time high as the Senate debated the Republican tax bill. The Dow Jones Industrial Average closed‚Ä¶ https://t.co/xo1gXSVFJT
56,CBSNews,CBS News,2017-12-01 12:09:50+00:00,0.254,0.682,0.064,0.6124,President Trump may be ready to shake up his national security team. CBS News confirms top White House aides have s‚Ä¶ https://t.co/o13X6JBWGI
55,CBSNews,CBS News,2017-12-01 12:11:15+00:00,0.154,0.679,0.167,-0.0772,"President Trump calls it ""a travesty of justice"" that a San Francisco jury found a five-times-deported Mexican man‚Ä¶ https://t.co/rOPBtIK6PE"
54,CBSNews,CBS News,2017-12-01 12:15:50+00:00,0.0,1.0,0.0,0.0,CBS News has learned the Manhattan DA‚Äôs office informed people involved in the case that they are not looking to mo‚Ä¶ https://t.co/VTzMhOcy1h
53,CBSNews,CBS News,2017-12-01 12:16:38+00:00,0.0,1.0,0.0,0.0,"""Def Jam"" producer Russell Simmons is stepping down from the companies he founded after a second allegation of sexu‚Ä¶ https://t.co/572aRHey3t"
52,CBSNews,CBS News,2017-12-01 12:20:02+00:00,0.059,0.802,0.139,-0.3612,Russia mulls blocking U.S. media from Moscow lawmakers in retaliation for withdrawal of a Kremlin-funded TV station‚Ä¶ https://t.co/WjryFTXAdf
51,CBSNews,CBS News,2017-12-01 12:20:05+00:00,0.107,0.769,0.124,-0.0772,A former NBC top executive disputes a report that managers knew about Matt Lauer‚Äôs sexual misconduct:‚Ä¶ https://t.co/NGDp6GituG
50,CBSNews,CBS News,2017-12-01 12:22:15+00:00,0.078,0.55,0.372,-0.7506,The longest-serving current member of Congress faces growing pressure to resign over sexual harassment claims:‚Ä¶ https://t.co/PrOvuu9PIS
49,CBSNews,CBS News,2017-12-01 12:26:21+00:00,0.0,1.0,0.0,0.0,"It‚Äôs rare for the Northeast to be rattled by an earthquake, but it happened on Thursday. @LonnieQuinnTV joins‚Ä¶ https://t.co/nCo9jwF1cf"
48,CBSNews,CBS News,2017-12-01 12:34:10+00:00,0.0,0.905,0.095,-0.2263,Police along the East Coast are still searching for a Florida teenager who disappeared with a high school soccer co‚Ä¶ https://t.co/AzoVshyddY
47,CBSNews,CBS News,2017-12-01 12:37:54+00:00,0.163,0.739,0.097,0.4019,"Women in Saudi Arabia are fighting for their freedom, and beginning to get it. @HollyMAWilliams has been on the gro‚Ä¶ https://t.co/nBEes4j0go"
46,CBSNews,CBS News,2017-12-01 12:40:01+00:00,0.0,0.757,0.243,-0.7269,An inferno that destroyed or damaged nearly two dozen buildings in upstate New York was sparked by a man who appare‚Ä¶ https://t.co/08kTEX31Mg
45,CBSNews,CBS News,2017-12-01 12:41:51+00:00,0.0,1.0,0.0,0.0,"@Jerickaduncan MORE: Paz de la Huerta's lawyer responded to the new reporting, telling CBS News the DA's office has‚Ä¶ https://t.co/DwxlqGZp9Q"
44,CBSNews,CBS News,2017-12-01 12:44:24+00:00,0.13,0.87,0.0,0.4588,"The new royal couple is already on the job, just days after revealing their engagement. Prince Harry and his Americ‚Ä¶ https://t.co/wDuqdJkBhZ"
43,CBSNews,CBS News,2017-12-01 12:51:43+00:00,0.0,1.0,0.0,0.0,RT @CBSThisMorning: WATCH: Here's 3 things you should know this morning: https://t.co/2KhKXSFeLB
42,CBSNews,CBS News,2017-12-01 13:00:02+00:00,0.0,1.0,0.0,0.0,"The family of a Florida runaway says they ""wonder"" if the teen was leading a secret life: https://t.co/9ENakM5MTS https://t.co/nfG5yqiY0g"
41,CBSNews,CBS News,2017-12-01 13:05:07+00:00,0.085,0.915,0.0,0.2382,"Senate Republicans hope to hold a final vote on Friday on their tax overhaul, but they will have to overcome GOP co‚Ä¶ https://t.co/igvZ82v6Ym"
40,CBSNews,CBS News,2017-12-01 13:06:17+00:00,0.0,1.0,0.0,0.0,CBS News chief Washington correspondent and @FaceTheNation  anchor @johndickerson joins @CBSThisMorning to discuss‚Ä¶ https://t.co/oycLmPGZWa
39,CBSNews,CBS News,2017-12-01 13:11:44+00:00,0.0,1.0,0.0,0.0,‚ÄúOne of the extraordinary things about what‚Äôs happening right now is that they‚Äôre flying the plane while they‚Äôre tr‚Ä¶ https://t.co/PqtGsZZoZK
38,CBSNews,CBS News,2017-12-01 13:15:34+00:00,0.0,1.0,0.0,0.0,"‚ÄúIf there‚Äôs going to be a change, it probably needs to happen soon because real things are happening,‚Äù‚Ä¶ https://t.co/Jfx6VyAkaF"
37,CBSNews,CBS News,2017-12-01 13:18:59+00:00,0.115,0.885,0.0,0.296,Sources tell CBS News U.S. diplomatic posts in Muslim-majority countries are on alert this morning. @margbrennan re‚Ä¶ https://t.co/31l4FPLdIY
36,CBSNews,CBS News,2017-12-01 13:20:01+00:00,0.0,0.684,0.316,-0.8126,There are conflicting reports over the status of Paz de la Huerta's rape case against Harvey Weinstein:‚Ä¶ https://t.co/tJCzEdISHX
35,CBSNews,CBS News,2017-12-01 13:25:21+00:00,0.0,0.672,0.328,-0.8316,A psychiatrist is arrested -- did she try to brainwash her cousin to kill? @48Hours has the story:‚Ä¶ https://t.co/tE6kBAsZph
34,CBSNews,CBS News,2017-12-01 13:27:49+00:00,0.0,1.0,0.0,0.0,"In 2016, @theashleygraham became the first so-called ""plus-size model"" on the cover of Sports Illustrated's swimsui‚Ä¶ https://t.co/mst5YHvsVJ"
33,CBSNews,CBS News,2017-12-01 13:36:16+00:00,0.0,0.87,0.13,-0.4019,A new congressional report finds the Republican tax plan would add $1 trillion to the budget deficit. @BW editor‚Ä¶ https://t.co/ZrMfp22dtQ
32,CBSNews,CBS News,2017-12-01 13:40:02+00:00,0.158,0.842,0.0,0.4588,Report: President Trump has told advisers in recent days that a government shutdown could benefit him politically‚Ä¶ https://t.co/MmDCAhF0Sa
31,CBSNews,CBS News,2017-12-01 14:00:03+00:00,0.082,0.918,0.0,0.1531,"President Trump is using what he calls the ""disgraceful verdict"" in the Kate Steinle trial to justify construction‚Ä¶ https://t.co/43gcoq1vhk"
30,CBSNews,CBS News,2017-12-01 14:15:02+00:00,0.225,0.775,0.0,0.7269,The opponents in a U.S. Supreme Court Case over an LGBT wedding cake can agree on one thing: It's not about the cak‚Ä¶ https://t.co/RbwY2jCpY8
29,CBSNews,CBS News,2017-12-01 14:23:05+00:00,0.115,0.641,0.244,-0.4588,"JUST IN: Michael Flynn will plead guilty to a perjury charge, special counsel Robert Mueller's office announces; pl‚Ä¶ https://t.co/IW1zN71ECy"
28,CBSNews,CBS News,2017-12-01 14:25:56+00:00,0.0,0.921,0.079,-0.2023,"MORE: Michael Flynn turned himself in to the FBI Friday morning. He was processed, charged, and is now headed to fe‚Ä¶ https://t.co/DwK1CIl3wU"
27,CBSNews,CBS News,2017-12-01 14:29:19+00:00,0.225,0.688,0.087,0.4588,Mike Flynn's attorneys had stopped sharing information with the White House and certain witnesses who were expected‚Ä¶ https://t.co/Gvp3XXMg0r
26,CBSNews,CBS News,2017-12-01 14:32:01+00:00,0.0,0.763,0.237,-0.7351,Michael Flynn to plead guilty to lying to FBI; Flynn will appear in a DC federal court for a plea hearing Friday mo‚Ä¶ https://t.co/pl2Shvf8va
25,CBSNews,CBS News,2017-12-01 14:40:46+00:00,0.077,0.766,0.157,-0.4404,"""This is an incredible, significant development -- one that I think the White House has been fearing and probably p‚Ä¶ https://t.co/HT8FqE3IJS"
24,CBSNews,CBS News,2017-12-01 15:00:40+00:00,0.119,0.881,0.0,0.4019,LOOK: Michael Flynn's plea document submitted to the court by the special counsel; Flynn is expected to appear in c‚Ä¶ https://t.co/zctO4cm5hw
23,CBSNews,CBS News,2017-12-01 15:09:22+00:00,0.0,0.851,0.149,-0.4215,"The White House will not be issuing a comment on Michael Flynn‚Äôs reported guilty plea, @jaxalemany reports‚Ä¶ https://t.co/FoBMS8exIn"
22,CBSNews,CBS News,2017-12-01 15:21:33+00:00,0.0,1.0,0.0,0.0,Michael Flynn is the first Trump administration official ‚Äî and the fourth connected to the campaign ‚Äî to be charged‚Ä¶ https://t.co/ADWJ27SrfR
21,CBSNews,CBS News,2017-12-01 15:24:57+00:00,0.0,1.0,0.0,0.0,"WATCH: Michael Flynn arrives at federal courthouse in Washington, D.C., ahead of scheduled appearance; Flynn ignore‚Ä¶ https://t.co/8lrlQGa9EQ"
20,CBSNews,CBS News,2017-12-01 13:06:17+00:00,0.0,1.0,0.0,0.0,CBS News chief Washington correspondent and @FaceTheNation  anchor @johndickerson joins @CBSThisMorning to discuss‚Ä¶ https://t.co/oycLmPGZWa
19,CBSNews,CBS News,2017-12-01 13:11:44+00:00,0.0,1.0,0.0,0.0,‚ÄúOne of the extraordinary things about what‚Äôs happening right now is that they‚Äôre flying the plane while they‚Äôre tr‚Ä¶ https://t.co/PqtGsZZoZK
18,CBSNews,CBS News,2017-12-01 13:15:34+00:00,0.0,1.0,0.0,0.0,"‚ÄúIf there‚Äôs going to be a change, it probably needs to happen soon because real things are happening,‚Äù‚Ä¶ https://t.co/Jfx6VyAkaF"
17,CBSNews,CBS News,2017-12-01 13:18:59+00:00,0.115,0.885,0.0,0.296,Sources tell CBS News U.S. diplomatic posts in Muslim-majority countries are on alert this morning. @margbrennan re‚Ä¶ https://t.co/31l4FPLdIY
16,CBSNews,CBS News,2017-12-01 13:20:01+00:00,0.0,0.684,0.316,-0.8126,There are conflicting reports over the status of Paz de la Huerta's rape case against Harvey Weinstein:‚Ä¶ https://t.co/tJCzEdISHX
15,CBSNews,CBS News,2017-12-01 13:25:21+00:00,0.0,0.672,0.328,-0.8316,A psychiatrist is arrested -- did she try to brainwash her cousin to kill? @48Hours has the story:‚Ä¶ https://t.co/tE6kBAsZph
14,CBSNews,CBS News,2017-12-01 13:27:49+00:00,0.0,1.0,0.0,0.0,"In 2016, @theashleygraham became the first so-called ""plus-size model"" on the cover of Sports Illustrated's swimsui‚Ä¶ https://t.co/mst5YHvsVJ"
13,CBSNews,CBS News,2017-12-01 13:36:16+00:00,0.0,0.87,0.13,-0.4019,A new congressional report finds the Republican tax plan would add $1 trillion to the budget deficit. @BW editor‚Ä¶ https://t.co/ZrMfp22dtQ
12,CBSNews,CBS News,2017-12-01 13:40:02+00:00,0.158,0.842,0.0,0.4588,Report: President Trump has told advisers in recent days that a government shutdown could benefit him politically‚Ä¶ https://t.co/MmDCAhF0Sa
11,CBSNews,CBS News,2017-12-01 14:00:03+00:00,0.082,0.918,0.0,0.1531,"President Trump is using what he calls the ""disgraceful verdict"" in the Kate Steinle trial to justify construction‚Ä¶ https://t.co/43gcoq1vhk"
10,CBSNews,CBS News,2017-12-01 14:15:02+00:00,0.225,0.775,0.0,0.7269,The opponents in a U.S. Supreme Court Case over an LGBT wedding cake can agree on one thing: It's not about the cak‚Ä¶ https://t.co/RbwY2jCpY8
9,CBSNews,CBS News,2017-12-01 14:23:05+00:00,0.115,0.641,0.244,-0.4588,"JUST IN: Michael Flynn will plead guilty to a perjury charge, special counsel Robert Mueller's office announces; pl‚Ä¶ https://t.co/IW1zN71ECy"
8,CBSNews,CBS News,2017-12-01 14:25:56+00:00,0.0,0.921,0.079,-0.2023,"MORE: Michael Flynn turned himself in to the FBI Friday morning. He was processed, charged, and is now headed to fe‚Ä¶ https://t.co/DwK1CIl3wU"
7,CBSNews,CBS News,2017-12-01 14:29:19+00:00,0.225,0.688,0.087,0.4588,Mike Flynn's attorneys had stopped sharing information with the White House and certain witnesses who were expected‚Ä¶ https://t.co/Gvp3XXMg0r
6,CBSNews,CBS News,2017-12-01 14:32:01+00:00,0.0,0.763,0.237,-0.7351,Michael Flynn to plead guilty to lying to FBI; Flynn will appear in a DC federal court for a plea hearing Friday mo‚Ä¶ https://t.co/pl2Shvf8va
5,CBSNews,CBS News,2017-12-01 14:40:46+00:00,0.077,0.766,0.157,-0.4404,"""This is an incredible, significant development -- one that I think the White House has been fearing and probably p‚Ä¶ https://t.co/HT8FqE3IJS"
4,CBSNews,CBS News,2017-12-01 15:00:40+00:00,0.119,0.881,0.0,0.4019,LOOK: Michael Flynn's plea document submitted to the court by the special counsel; Flynn is expected to appear in c‚Ä¶ https://t.co/zctO4cm5hw
3,CBSNews,CBS News,2017-12-01 15:09:22+00:00,0.0,0.851,0.149,-0.4215,"The White House will not be issuing a comment on Michael Flynn‚Äôs reported guilty plea, @jaxalemany reports‚Ä¶ https://t.co/FoBMS8exIn"
2,CBSNews,CBS News,2017-12-01 15:21:33+00:00,0.0,1.0,0.0,0.0,Michael Flynn is the first Trump administration official ‚Äî and the fourth connected to the campaign ‚Äî to be charged‚Ä¶ https://t.co/ADWJ27SrfR
1,CBSNews,CBS News,2017-12-01 15:24:57+00:00,0.0,1.0,0.0,0.0,"WATCH: Michael Flynn arrives at federal courthouse in Washington, D.C., ahead of scheduled appearance; Flynn ignore‚Ä¶ https://t.co/8lrlQGa9EQ"
100,CNN,CNN,2017-12-01 00:01:04+00:00,0.0,0.788,0.212,-0.5423,"Michigan candidate suggests ending harassment by voting for someone ""who doesn't have a penis""‚Ä¶ https://t.co/xSIS1zdQx4"
99,CNN,CNN,2017-12-01 00:10:08+00:00,0.0,0.696,0.304,-0.8519,"After a border agent died in Texas, officials called it murder. But the FBI has yet to prove politicians‚Äô claim of‚Ä¶ https://t.co/sBKus6sh0K"
98,CNN,CNN,2017-12-01 00:21:14+00:00,0.115,0.649,0.237,-0.6369,The jury has reached a verdict in the trial of an undocumented immigrant charged with the 2015 killing of a San Fra‚Ä¶ https://t.co/RpXoouyCqF
97,CNN,CNN,2017-12-01 00:30:04+00:00,0.0,1.0,0.0,0.0,The one and only visible supermoon of 2017 will be observable to the entire world on December 3. Here's how to see‚Ä¶ https://t.co/AWkh68A1F5
96,CNN,CNN,2017-12-01 00:40:04+00:00,0.0,1.0,0.0,0.0,Tax reform is why Republicans have not turned on Trump | Analysis by @GregJKrieg https://t.co/C0JvHH0Gt7 https://t.co/Jq7Hc4hJLX
95,CNN,CNN,2017-12-01 00:50:00+00:00,0.092,0.753,0.155,-0.3753,A jury has found Jose Ines Garcia Zarate not guilty in the July 2015 death of Kate Steinle in San Francisco‚Ä¶ https://t.co/F3Jlk2Z2rt
94,CNN,CNN,2017-12-01 01:00:10+00:00,0.19,0.81,0.0,0.6652,Sen. Susan Collins says Senate Republicans will have little choice but to seat Alabama Senate hopeful Roy Moore if‚Ä¶ https://t.co/pSLOMjDmJ2
93,CNN,CNN,2017-12-01 01:10:30+00:00,0.0,0.9,0.1,-0.2732,There are two indisputable facts about the tax cut bill Republicans are trying to finesse through the Senate | Anal‚Ä¶ https://t.co/swV0Se6FwH
92,CNN,CNN,2017-12-01 01:19:56+00:00,0.105,0.801,0.094,0.0772,"RT @cnnbrk: The Senate will not vote on the Republican tax reform plan tonight, as GOP leaders grapple with how they can satisfy deficit ha‚Ä¶"
91,CNN,CNN,2017-12-01 01:29:03+00:00,0.153,0.744,0.102,0.2732,"The rescue operation to find a missing Argentine submarine has now changed to a search mission, navy spokesman says‚Ä¶ https://t.co/k0eUj5myiX"
90,CNN,CNN,2017-12-01 01:40:08+00:00,0.0,1.0,0.0,0.0,This is how the tax bill would affect your household finances https://t.co/vnzNitQ1zJ https://t.co/UiPeagaDO9
89,CNN,CNN,2017-12-01 01:50:05+00:00,0.0,1.0,0.0,0.0,"Following a CNN investigation, the Puerto Rican government has added three deaths to the official toll from Hurrica‚Ä¶ https://t.co/V59amWzS0L"
88,CNN,CNN,2017-12-01 02:00:03+00:00,0.072,0.773,0.155,-0.4019,"The Saudi Royal Air Force intercepted and destroyed a ballistic missile launched from Yemen on Thursday, the Saudi‚Ä¶ https://t.co/1XoRj46O2J"
87,CNN,CNN,2017-12-01 02:16:21+00:00,0.0,0.893,0.107,-0.2023,FBI Director Christopher Wray meets with lawmakers from the Congressional Black Caucus over a controversial bureau‚Ä¶ https://t.co/krxSfX93Ck
86,CNN,CNN,2017-12-01 02:28:45+00:00,0.0,1.0,0.0,0.0,"Footage shows North Korea's Hwasong-15 missile launch earlier this week. ""There are not a lot of countries who coul‚Ä¶ https://t.co/KswxZCX1bm"
85,CNN,CNN,2017-12-01 02:40:06+00:00,0.0,1.0,0.0,0.0,Smartphone addiction could be changing your brain https://t.co/4zrRsuBRls https://t.co/BnnULIpIRN
84,CNN,CNN,2017-12-01 02:50:05+00:00,0.077,0.766,0.158,-0.4019,Attorney General Jeff Sessions condemns San Francisco's sanctuary city policy in the wake of a not-guilty verdict i‚Ä¶ https://t.co/hVJfHWRikm
83,CNN,CNN,2017-12-01 03:00:06+00:00,0.0,1.0,0.0,0.0,"President Trump will hold a campaign-style rally in Pensacola, Florida, next Friday -- just 25 miles from the Alaba‚Ä¶ https://t.co/PigLx2VpVr"
82,CNN,CNN,2017-12-01 03:56:05+00:00,0.0,0.857,0.143,-0.5423,"Kim Jong Nam, the half-brother of North Korea's leader Kim Jong Un, was carrying an antidote to the poison which ki‚Ä¶ https://t.co/Ky29ABvJz1"
81,CNN,CNN,2017-12-01 04:08:03+00:00,0.0,1.0,0.0,0.0,"Japan's Emperor Akihito will stand down on April 30, 2019, becoming the first Japanese monarch to abdicate his post‚Ä¶ https://t.co/qgxfaaTvOC"
80,CNN,CNN,2017-12-01 04:20:07+00:00,0.083,0.829,0.088,-0.0258,Sen. Elizabeth Warren is demanding answers from Treasury about why Secretary Steven Mnuchin has yet to release an e‚Ä¶ https://t.co/vFWvqSn8J2
79,CNN,CNN,2017-12-01 04:27:15+00:00,0.0,1.0,0.0,0.0,"American Airlines is making employees undergo anti-racism training after the NAACP issued a ""travel advisory"" for t‚Ä¶ https://t.co/F2b8NBOKc8"
78,CNN,CNN,2017-12-01 04:38:43+00:00,0.0,1.0,0.0,0.0,The Senate Ethics Committee has begun looking into the allegations against Sen. Al Franken https://t.co/7Ju8AgEuWW
77,CNN,CNN,2017-12-01 04:50:30+00:00,0.167,0.833,0.0,0.5267,The Justice Department is expected to release a report detailing the cost of Robert Mueller's investigation into Ru‚Ä¶ https://t.co/4rE3hosNwj
76,CNN,CNN,2017-12-01 05:00:44+00:00,0.0,1.0,0.0,0.0,"In Greenland, evidence of climate change is written in ice and stone https://t.co/rm0MjDaGb1 https://t.co/ZzoiYpwXRO"
75,CNN,CNN,2017-12-01 05:08:06+00:00,0.0,1.0,0.0,0.0,British lawmaker tells CNN that the group Trump retweeted is equivalent to the Ku Klux Klan https://t.co/kk6uS9WIPY https://t.co/Oz5zMhiHBc
74,CNN,CNN,2017-12-01 05:17:36+00:00,0.0,0.889,0.111,-0.25,The mayor of London slammed Donald Trump today for retweeting anti-Muslim propaganda from a British far-right party‚Ä¶ https://t.co/zFMrbPVsa5
73,CNN,CNN,2017-12-01 05:27:02+00:00,0.0,1.0,0.0,0.0,General Motors is planning to roll out self-driving cars at mass market scale by the end of 2019‚Ä¶ https://t.co/zSTPIosucg
72,CNN,CNN,2017-12-01 05:29:16+00:00,0.119,0.714,0.167,-0.25,RT @CNNTonight: Michigan Democratic candidate takes on sexual harassment with a campaign ad like you've never seen https://t.co/MZv98WjtSh
71,CNN,CNN,2017-12-01 05:36:47+00:00,0.0,0.884,0.116,-0.2732,Secretary of State Rex Tillerson: China needs to cut off more oil to North Korea https://t.co/oOc5efJbZr https://t.co/NUXDHSSh6w
70,CNN,CNN,2017-12-01 05:49:50+00:00,0.0,0.693,0.307,-0.7964,"Vice Media fired three employees amid a probe into sexual harassment and improper workplace conduct, according to a‚Ä¶ https://t.co/yfZ2OXl5yt"
69,CNN,CNN,2017-12-01 05:59:43+00:00,0.153,0.744,0.102,0.2732,"The rescue operation to find a missing Argentine submarine has now changed to a search mission, navy spokesman says‚Ä¶ https://t.co/bAbsOT338K"
68,CNN,CNN,2017-12-01 06:13:32+00:00,0.0,1.0,0.0,0.0,Australia just switched on the world's biggest battery https://t.co/U8w4HpiNwa https://t.co/CRTe0FFwDA
67,CNN,CNN,2017-12-01 06:26:51+00:00,0.0,1.0,0.0,0.0,"Chinese actress Liu Yifei, also known as Crystal Liu, has scored the title role in the live-action version of Disne‚Ä¶ https://t.co/rbulB1d47J"
66,CNN,CNN,2017-12-01 06:41:28+00:00,0.0,1.0,0.0,0.0,"Footage shows North Korea's Hwasong-15 missile launch earlier this week. ""There are not a lot of countries who coul‚Ä¶ https://t.co/2Fe9VKuv81"
65,CNN,CNN,2017-12-01 06:51:24+00:00,0.113,0.792,0.096,0.1027,"Republican leaders race to find support for their tax bill just hours ahead of a critical vote, harkening back to t‚Ä¶ https://t.co/gtmMqh3p4J"
64,CNN,CNN,2017-12-01 07:00:12+00:00,0.0,1.0,0.0,0.0,"Following a CNN investigation, the Puerto Rican government has added three deaths to the official toll from Hurrica‚Ä¶ https://t.co/WrFvP5t6tU"
63,CNN,CNN,2017-12-01 07:15:36+00:00,0.136,0.864,0.0,0.2235,Here's why an oil embargo won't stop North Korea https://t.co/eZ76FiaKZO (via @CNNOpinion) https://t.co/RmpPij3hH0
62,CNN,CNN,2017-12-01 07:29:26+00:00,0.0,0.72,0.28,-0.765,A Texas fugitive accused of killing his girlfriend has been captured after more than 10 years on the run‚Ä¶ https://t.co/9FhknkOmGz
61,CNN,CNN,2017-12-01 07:39:45+00:00,0.133,0.867,0.0,0.3818,"Following a Twitter spat, Jimmy Kimmel responds to Roy Moore: ""I accept the invitation. I will come down there""‚Ä¶ https://t.co/ffrtbgZOPs"
60,CNN,CNN,2017-12-01 07:50:04+00:00,0.0,1.0,0.0,0.0,President Trump will donate his third-quarter salary to the Department of Health and Human Services' efforts to com‚Ä¶ https://t.co/hUg0w83sly
59,CNN,CNN,2017-12-01 08:15:12+00:00,0.105,0.795,0.1,0.0258,"The guy who took down President Trump's Twitter account says it was ""a mistake"" and that he actually admires Trump'‚Ä¶ https://t.co/L5tG9C6sxU"
58,CNN,CNN,2017-12-01 08:30:12+00:00,0.112,0.706,0.182,-0.2263,Barnes &amp; Noble says sales fell 8% and losses soared this year. The reason: There was no new Harry Potter installmen‚Ä¶ https://t.co/r1Z7GUwcoG
57,CNN,CNN,2017-12-01 08:45:37+00:00,0.0,1.0,0.0,0.0,Meltwater from Greenland is the biggest source of sea level rise in the world -- double that of Antarctica. See how‚Ä¶ https://t.co/9pus9flMMY
56,CNN,CNN,2017-12-01 09:00:13+00:00,0.0,1.0,0.0,0.0,"Japan's Emperor Akihito will stand down on April 30, 2019, becoming the first Japanese monarch to abdicate his post‚Ä¶ https://t.co/pZhZcqKwat"
55,CNN,CNN,2017-12-01 09:08:30+00:00,0.124,0.876,0.0,0.34,Security personnel take position at a training school in northern Pakistan after Taliban militants stormed it on Fr‚Ä¶ https://t.co/lkvhtNUqzr
54,CNN,CNN,2017-12-01 09:13:03+00:00,0.0,1.0,0.0,0.0,What you need to know about Friday's #WorldCupDraw https://t.co/GAr64voNzY via @CNNsport https://t.co/eiODjrBGvh
53,CNN,CNN,2017-12-01 09:21:46+00:00,0.0,1.0,0.0,0.0,"Footage shows North Korea's Hwasong-15 missile launch earlier this week. ""There are not a lot of countries who coul‚Ä¶ https://t.co/DOJaX3RGYz"
52,CNN,CNN,2017-12-01 09:32:04+00:00,0.072,0.773,0.155,-0.4019,"The Saudi Royal Air Force intercepted and destroyed a ballistic missile launched from Yemen on Thursday, the Saudi‚Ä¶ https://t.co/QBuX2gjSNa"
51,CNN,CNN,2017-12-01 09:44:06+00:00,0.0,1.0,0.0,0.0,The one and only visible supermoon of 2017 will be observable to the entire world on December 3. Here's how to see‚Ä¶ https://t.co/FzNMWdVb4Y
50,CNN,CNN,2017-12-01 09:55:07+00:00,0.225,0.539,0.235,-0.296,"The United Nations urges Libya to take ""urgent action"" over human slavery https://t.co/DyEaCa1GV9 https://t.co/j079owyHi9"
49,CNN,CNN,2017-12-01 10:00:18+00:00,0.0,1.0,0.0,0.0,"American Airlines is making employees undergo anti-racism training after the NAACP issued a ""travel advisory"" for t‚Ä¶ https://t.co/Ky4DpMaY7d"
48,CNN,CNN,2017-12-01 10:14:36+00:00,0.31,0.69,0.0,0.7964,"Twitter on why it didn't delete anti-Muslim tweets: ""To help ensure people have an opportunity to see every side of‚Ä¶ https://t.co/P7DwJDAnbn"
47,CNN,CNN,2017-12-01 10:28:36+00:00,0.0,0.918,0.082,-0.1779,The White House is seriously considering recognizing Jerusalem as the capital of Israel before the end of the year‚Ä¶ https://t.co/vJztY3UabN
46,CNN,CNN,2017-12-01 10:35:41+00:00,0.0,1.0,0.0,0.0,The world's biggest lithium ion battery has started delivering power in Australia. It uses wind and can power as ma‚Ä¶ https://t.co/znOL1gZyAP
45,CNN,CNN,2017-12-01 10:49:48+00:00,0.0,1.0,0.0,0.0,25 of India's most luxurious hotels https://t.co/HtpXQvekEH https://t.co/ipkfP4TRci
44,CNN,CNN,2017-12-01 11:04:01+00:00,0.0,0.47,0.53,-0.9246,A war with North Korea would be hell and millions could die | @CNNOpinion https://t.co/BE9yq2rR8C https://t.co/qwZlBOiAjY
43,CNN,CNN,2017-12-01 11:15:01+00:00,0.0,0.891,0.109,-0.296,"The UK Prime Minister's de facto deputy has been accused of having ""thousands"" of thumbnail pornographic images on‚Ä¶ https://t.co/3hEiojfDiS"
42,CNN,CNN,2017-12-01 11:29:49+00:00,0.248,0.752,0.0,0.6808,A hoard of fossilized pterosaur eggs discovered in China is helping scientists gain rare insight into the extinct f‚Ä¶ https://t.co/drdij7SMfq
41,CNN,CNN,2017-12-01 11:43:20+00:00,0.0,1.0,0.0,0.0,"Chinese actress Liu Yifei, also known as Crystal Liu, has scored the title role in the live-action version of Disne‚Ä¶ https://t.co/o4zhqmZSB3"
40,CNN,CNN,2017-12-01 11:54:21+00:00,0.0,1.0,0.0,0.0,Meltwater from Greenland is the biggest source of sea level rise in the world -- double that of Antarctica. See how‚Ä¶ https://t.co/DzQol6U3CM
39,CNN,CNN,2017-12-01 12:01:42+00:00,0.0,0.909,0.091,-0.2732,"""Many girls are told to drop out of school and go get married."" Life as a young woman with HIV in Uganda:‚Ä¶ https://t.co/ckH0SpbDcD"
38,CNN,CNN,2017-12-01 12:09:43+00:00,0.0,0.862,0.138,-0.1531,Masculinity in the Middle East: Confronting stereotypes through photography https://t.co/cDYZbRbI9d https://t.co/BenC3soKT1
37,CNN,CNN,2017-12-01 12:21:27+00:00,0.0,0.921,0.079,-0.2023,"You won't find studies in humans that prove chicken soup can fight a cold, but there's enough evidence to make it w‚Ä¶ https://t.co/vExXRhma6T"
36,CNN,CNN,2017-12-01 12:29:31+00:00,0.247,0.753,0.0,0.7096,Could brands save millions and help preserve the environment just by slightly changing their logos to use less ink?‚Ä¶ https://t.co/dxkAPIUf6R
35,CNN,CNN,2017-12-01 12:44:41+00:00,0.356,0.644,0.0,0.8074,"Thanks to the giant advertisement that is ""Star Wars,"" Ireland's ruggedly beautiful Skellig Islands are feeling the‚Ä¶ https://t.co/egF5H05bIP"
34,CNN,CNN,2017-12-01 12:55:54+00:00,0.0,1.0,0.0,0.0,"American Airlines is making employees undergo anti-racism training after the NAACP issued a ""travel advisory"" for t‚Ä¶ https://t.co/4mhtwqYWha"
33,CNN,CNN,2017-12-01 13:38:30+00:00,0.175,0.825,0.0,0.1779,Police officer adopts homeless mother's opioid-addicted newborn https://t.co/JmARTqRf8D https://t.co/xPO5Q9qudU
32,CNN,CNN,2017-12-01 13:53:42+00:00,0.104,0.896,0.0,0.2732,"""The presence of God today is also called Rohingya"": Pope Francis referred to the Rohingya people, Myanmar's persec‚Ä¶ https://t.co/SrwjKL2dKQ"
31,CNN,CNN,2017-12-01 14:19:31+00:00,0.0,0.859,0.141,-0.2023,BREAKING: Michael Flynn charged with making false statement to FBI https://t.co/nwAMpHZanh https://t.co/qo1Zv2TrrU
30,CNN,CNN,2017-12-01 14:20:53+00:00,0.0,1.0,0.0,0.0,The world's biggest lithium ion battery has started delivering power in Australia. It uses wind and can power as ma‚Ä¶ https://t.co/ol4As0kyiB
29,CNN,CNN,2017-12-01 14:34:13+00:00,0.244,0.67,0.086,0.5106,"Special counsel Robert Mueller has charged former Trump national security adviser Michael Flynn with ""willfully and‚Ä¶ https://t.co/4ZNqaBeZWt"
28,CNN,CNN,2017-12-01 14:39:15+00:00,0.0,0.921,0.079,-0.2023,Flynn is the first Trump admin official and the fourth connected to the campaign to be charged as part of Mueller's‚Ä¶ https://t.co/acVUJbK1oC
27,CNN,CNN,2017-12-01 14:43:04+00:00,0.0,1.0,0.0,0.0,"Michael Flynn is due to appear in court later Friday morning, a court spokesperson said. The White House declined t‚Ä¶ https://t.co/Pf0I0eI5N6"
26,CNN,CNN,2017-12-01 14:46:26+00:00,0.0,0.872,0.128,-0.4215,"JUST IN: Michael Flynn is expected to plead guilty to the charge of ""willfully and knowingly"" making ""false, fictit‚Ä¶ https://t.co/F9m0YxWXsK"
25,CNN,CNN,2017-12-01 15:04:06+00:00,0.0,1.0,0.0,0.0,Here's what you need to know about Michael Flynn: https://t.co/wwHiOiSaPx https://t.co/NQDO8oQmUJ
24,CNN,CNN,2017-12-01 15:05:05+00:00,0.0,1.0,0.0,0.0,Flynn was a key campaign surrogate and adviser during Trump's presidential campaign. He was tapped as Trump's natio‚Ä¶ https://t.co/5WxM5D6rSN
23,CNN,CNN,2017-12-01 15:08:56+00:00,0.156,0.844,0.0,0.34,Here's a look back at Michael Flynn's short stint as Trump's security adviser https://t.co/iBogd873XV https://t.co/GYfHlvtcZ1
22,CNN,CNN,2017-12-01 15:25:45+00:00,0.0,1.0,0.0,0.0,JUST IN: Michael Flynn arrives at the US District Courthouse in Washington. His hearing is scheduled for 10:30 a.m.‚Ä¶ https://t.co/S7PusClOvF
21,CNN,CNN,2017-12-01 15:26:11+00:00,0.0,1.0,0.0,0.0,The updated docket describes this court proceeding as a ‚Äúplea agreement‚Äù hearing. Flynn is expected to plead guilty‚Ä¶ https://t.co/k0C0BuBHSv
20,CNN,CNN,2017-12-01 11:54:21+00:00,0.0,1.0,0.0,0.0,Meltwater from Greenland is the biggest source of sea level rise in the world -- double that of Antarctica. See how‚Ä¶ https://t.co/DzQol6U3CM
19,CNN,CNN,2017-12-01 12:01:42+00:00,0.0,0.909,0.091,-0.2732,"""Many girls are told to drop out of school and go get married."" Life as a young woman with HIV in Uganda:‚Ä¶ https://t.co/ckH0SpbDcD"
18,CNN,CNN,2017-12-01 12:09:43+00:00,0.0,0.862,0.138,-0.1531,Masculinity in the Middle East: Confronting stereotypes through photography https://t.co/cDYZbRbI9d https://t.co/BenC3soKT1
17,CNN,CNN,2017-12-01 12:21:27+00:00,0.0,0.921,0.079,-0.2023,"You won't find studies in humans that prove chicken soup can fight a cold, but there's enough evidence to make it w‚Ä¶ https://t.co/vExXRhma6T"
16,CNN,CNN,2017-12-01 12:29:31+00:00,0.247,0.753,0.0,0.7096,Could brands save millions and help preserve the environment just by slightly changing their logos to use less ink?‚Ä¶ https://t.co/dxkAPIUf6R
15,CNN,CNN,2017-12-01 12:44:41+00:00,0.356,0.644,0.0,0.8074,"Thanks to the giant advertisement that is ""Star Wars,"" Ireland's ruggedly beautiful Skellig Islands are feeling the‚Ä¶ https://t.co/egF5H05bIP"
14,CNN,CNN,2017-12-01 12:55:54+00:00,0.0,1.0,0.0,0.0,"American Airlines is making employees undergo anti-racism training after the NAACP issued a ""travel advisory"" for t‚Ä¶ https://t.co/4mhtwqYWha"
13,CNN,CNN,2017-12-01 13:38:30+00:00,0.175,0.825,0.0,0.1779,Police officer adopts homeless mother's opioid-addicted newborn https://t.co/JmARTqRf8D https://t.co/xPO5Q9qudU
12,CNN,CNN,2017-12-01 13:53:42+00:00,0.104,0.896,0.0,0.2732,"""The presence of God today is also called Rohingya"": Pope Francis referred to the Rohingya people, Myanmar's persec‚Ä¶ https://t.co/SrwjKL2dKQ"
11,CNN,CNN,2017-12-01 14:19:31+00:00,0.0,0.859,0.141,-0.2023,BREAKING: Michael Flynn charged with making false statement to FBI https://t.co/nwAMpHZanh https://t.co/qo1Zv2TrrU
10,CNN,CNN,2017-12-01 14:20:53+00:00,0.0,1.0,0.0,0.0,The world's biggest lithium ion battery has started delivering power in Australia. It uses wind and can power as ma‚Ä¶ https://t.co/ol4As0kyiB
9,CNN,CNN,2017-12-01 14:34:13+00:00,0.244,0.67,0.086,0.5106,"Special counsel Robert Mueller has charged former Trump national security adviser Michael Flynn with ""willfully and‚Ä¶ https://t.co/4ZNqaBeZWt"
8,CNN,CNN,2017-12-01 14:39:15+00:00,0.0,0.921,0.079,-0.2023,Flynn is the first Trump admin official and the fourth connected to the campaign to be charged as part of Mueller's‚Ä¶ https://t.co/acVUJbK1oC
7,CNN,CNN,2017-12-01 14:43:04+00:00,0.0,1.0,0.0,0.0,"Michael Flynn is due to appear in court later Friday morning, a court spokesperson said. The White House declined t‚Ä¶ https://t.co/Pf0I0eI5N6"
6,CNN,CNN,2017-12-01 14:46:26+00:00,0.0,0.872,0.128,-0.4215,"JUST IN: Michael Flynn is expected to plead guilty to the charge of ""willfully and knowingly"" making ""false, fictit‚Ä¶ https://t.co/F9m0YxWXsK"
5,CNN,CNN,2017-12-01 15:04:06+00:00,0.0,1.0,0.0,0.0,Here's what you need to know about Michael Flynn: https://t.co/wwHiOiSaPx https://t.co/NQDO8oQmUJ
4,CNN,CNN,2017-12-01 15:05:05+00:00,0.0,1.0,0.0,0.0,Flynn was a key campaign surrogate and adviser during Trump's presidential campaign. He was tapped as Trump's natio‚Ä¶ https://t.co/5WxM5D6rSN
3,CNN,CNN,2017-12-01 15:08:56+00:00,0.156,0.844,0.0,0.34,Here's a look back at Michael Flynn's short stint as Trump's security adviser https://t.co/iBogd873XV https://t.co/GYfHlvtcZ1
2,CNN,CNN,2017-12-01 15:25:45+00:00,0.0,1.0,0.0,0.0,JUST IN: Michael Flynn arrives at the US District Courthouse in Washington. His hearing is scheduled for 10:30 a.m.‚Ä¶ https://t.co/S7PusClOvF
1,CNN,CNN,2017-12-01 15:26:11+00:00,0.0,1.0,0.0,0.0,The updated docket describes this court proceeding as a ‚Äúplea agreement‚Äù hearing. Flynn is expected to plead guilty‚Ä¶ https://t.co/k0C0BuBHSv
100,FoxNews,Fox News,2017-12-01 04:08:43+00:00,0.075,0.704,0.221,-0.6249,"Moments ago, @realDonaldTrump tweeted out his thoughts on the verdict of the Kate Steinle murder trial.‚Ä¶ https://t.co/jnHLHUEZIi"
99,FoxNews,Fox News,2017-12-01 04:25:02+00:00,0.0,1.0,0.0,0.0,"OPINION: The DOW hits a new high, for the 63rd time under @POTUS. Here‚Äôs what it means for you https://t.co/XdfCOlMDxV"
98,FoxNews,Fox News,2017-12-01 04:32:13+00:00,0.164,0.836,0.0,0.4464,".@DavidWohl on the not guilty Kate Steinle verdict: ""Look at what the evidence was. I mean, this is a guy who was d‚Ä¶ https://t.co/enaAgw5Y85"
97,FoxNews,Fox News,2017-12-01 04:45:33+00:00,0.248,0.607,0.146,0.1361,".@benshapiro on the not guilty Kate Steinle verdict: ""The basic notion that an illegal immigrant can commit crimes‚Ä¶ https://t.co/hfSPqTcw99"
96,FoxNews,Fox News,2017-12-01 04:58:07+00:00,0.07,0.529,0.401,-0.8176,".@realDonaldTrump calls Kate Steinle verdict 'disgraceful,' says 'no wonder' people are 'angry with illegal immigra‚Ä¶ https://t.co/KEvEYNoj3r"
95,FoxNews,Fox News,2017-12-01 05:00:00+00:00,0.0,0.765,0.235,-0.6486,"New York City model, 26, found dead with throat slit in Jamaica, report says https://t.co/XXCtlEWKIO"
94,FoxNews,Fox News,2017-12-01 05:30:00+00:00,0.0,1.0,0.0,0.0,Donald and Melania Trump light National Christmas tree https://t.co/hpr3Oue1ac
93,FoxNews,Fox News,2017-12-01 06:00:02+00:00,0.0,0.526,0.474,-0.7351,Florida man stops during police chase to shoot up heroin https://t.co/hLSuVUOzQE
92,FoxNews,Fox News,2017-12-01 06:30:00+00:00,0.0,1.0,0.0,0.0,Satellite photos show North Korea apparently prepping to reuse launch site https://t.co/IjBzZmx4PC
91,FoxNews,Fox News,2017-12-01 06:45:00+00:00,0.095,0.633,0.272,-0.5187,".@holliesmckay: ISIS leader Baghdadi hiding near Iraq-Syria border, alive but injured, Iraqi military says https://t.co/kMXhuauWKu"
90,FoxNews,Fox News,2017-12-01 07:00:02+00:00,0.123,0.679,0.198,-0.0516,OPINION: @NFL owners appear poised to pay nearly $100 million bribe for nothing https://t.co/svcic1O5Rk
89,FoxNews,Fox News,2017-12-01 07:30:01+00:00,0.0,1.0,0.0,0.0,.@SenTomCotton: Ending Chain Migration a Necessary Part of Any DACA Deal https://t.co/AdEzjGni2b
88,FoxNews,Fox News,2017-12-01 07:40:33+00:00,0.073,0.927,0.0,0.0258,"North Korea's latest ICBM has potential to reach Washington, Seoul says https://t.co/u9y8d6qybW via @RyanGaydos https://t.co/DQKqAYhN3R"
87,FoxNews,Fox News,2017-12-01 08:00:01+00:00,0.227,0.541,0.232,-0.0258,Jim Nabors dead; star best known as Gomer Pyle was 87 https://t.co/ToMb7drxhc
86,FoxNews,Fox News,2017-12-01 08:18:59+00:00,0.0,0.714,0.286,-0.8225,Cop taunts would-be killer with lube on way to prison: 'You are going to need a lot of this' https://t.co/YUrDGh27Y0 via @gregg_re
85,FoxNews,Fox News,2017-12-01 08:30:01+00:00,0.0,1.0,0.0,0.0,.@Forever21 sued by former employee for $2 million after hidden bathroom video hits porn sites https://t.co/WSIuO4pA1q
84,FoxNews,Fox News,2017-12-01 09:00:07+00:00,0.0,0.839,0.161,-0.2315,"OPINION - @ChrisStirewalt: With @RepJohnConyers almost gone, pressure mounts on @SenFranken https://t.co/3a6e8CQ190"
83,FoxNews,Fox News,2017-12-01 09:03:57+00:00,0.0,0.811,0.189,-0.5423,Democrats turning on John Conyers as his accuser details harassment on NBC https://t.co/eXeZiKusah via @HowardKurtz @MediaBuzzFNC
82,FoxNews,Fox News,2017-12-01 09:30:01+00:00,0.0,0.829,0.171,-0.4767,"Teacher, 23, arrested for 'parking lot sex' with teen boy student she met at @ChickfilA https://t.co/B5BFb5OxiM"
81,FoxNews,Fox News,2017-12-01 09:39:46+00:00,0.125,0.875,0.0,0.25,Six officers acquitted in Freddie Gray case now back at work https://t.co/pKjdPboHgU via @PaulinaDedaj https://t.co/Tyh8s9RH5W
80,FoxNews,Fox News,2017-12-01 10:00:04+00:00,0.0,1.0,0.0,0.0,Dog shoots hunter after another hunter leaves shotgun on ground https://t.co/oRr1C6bphv
79,FoxNews,Fox News,2017-12-01 10:17:45+00:00,0.0,1.0,0.0,0.0,The @USCapitol is seen at dawn on November 30. https://t.co/aVk37uGY8o
78,FoxNews,Fox News,2017-12-01 10:30:01+00:00,0.163,0.65,0.187,-0.0772,Some restaurants steadfast in @NFL boycott over anthem kneelers https://t.co/5VD5eQ1Dla
77,FoxNews,Fox News,2017-12-01 10:35:03+00:00,0.0,0.909,0.091,-0.296,Daniel Geltrude on tax reform: ‚ÄúThe main issue here is how much these tax cuts are going to add to our deficit.‚Äù‚Ä¶ https://t.co/6W0KHsubDU
76,FoxNews,Fox News,2017-12-01 10:40:01+00:00,0.0,0.606,0.394,-0.7579,.@POTUS Donates Q3 Salary to HHS to Combat the Opioid Crisis https://t.co/wui7mGpNAp
75,FoxNews,Fox News,2017-12-01 10:45:00+00:00,0.0,0.804,0.196,-0.296,Missouri couple accused of putting infant son in microwave https://t.co/4YiuuQhbvd
74,FoxNews,Fox News,2017-12-01 10:50:00+00:00,0.0,1.0,0.0,0.0,LOOK: @POTUS and @FLOTUS participate in the National Christmas Tree lighting. https://t.co/qak2MYkn9U https://t.co/xoN5gNelkz
73,FoxNews,Fox News,2017-12-01 10:55:02+00:00,0.0,1.0,0.0,0.0,.@JaniceDean: ‚ÄúSome of the coldest air of the season is on its way.‚Äù @FoxFriendsFirst https://t.co/rsCUuMuyCy
72,FoxNews,Fox News,2017-12-01 10:57:23+00:00,0.0,0.921,0.079,-0.2263,Darrin Porcher on #NFL anthem protests: ‚ÄúI think that they need to take a page out of the NBA‚Äôs playbook and make t‚Ä¶ https://t.co/ciwsBHZX44
71,FoxNews,Fox News,2017-12-01 11:00:02+00:00,0.0,0.606,0.394,-0.7579,.@POTUS Donates Q3 Salary to HHS to Combat the Opioid Crisis https://t.co/CyhelLe3YM
70,FoxNews,Fox News,2017-12-01 11:02:55+00:00,0.0,1.0,0.0,0.0,Darrin Porcher: ‚ÄúThe leadership in the #NFL needs to take a stand and set a precedence moving forward.‚Äù‚Ä¶ https://t.co/HwhvQNEw81
69,FoxNews,Fox News,2017-12-01 11:08:05+00:00,0.0,1.0,0.0,0.0,.@SteveDaines: ‚ÄúI‚Äôm planning to vote ‚Äòyes‚Äô today on the tax bill. This is a historic moment for our nation.‚Äù‚Ä¶ https://t.co/1KRmFdGLgs
68,FoxNews,Fox News,2017-12-01 11:10:39+00:00,0.0,1.0,0.0,0.0,.@SteveDaines: ‚ÄúThis tax plan is going to put more dollars directly in the pockets of hardworking Americans through‚Ä¶ https://t.co/miCMkgMsu1
67,FoxNews,Fox News,2017-12-01 11:12:47+00:00,0.0,1.0,0.0,0.0,Doctors taken aback by unconscious patient's 'do not resuscitate' tattoo https://t.co/06KniuAQ1M
66,FoxNews,Fox News,2017-12-01 11:22:22+00:00,0.0,1.0,0.0,0.0,How to watch the supermoon https://t.co/bAhJpbVN6L
65,FoxNews,Fox News,2017-12-01 11:30:01+00:00,0.0,1.0,0.0,0.0,"Japan emperor to abdicate on April 30, 2019 https://t.co/ixBZCWl6W4"
64,FoxNews,Fox News,2017-12-01 11:35:01+00:00,0.094,0.688,0.219,-0.4588,"Matt Lauer's ex-wife comes to his defense, 'shocked' by sexual harassment allegations https://t.co/FKFfvHav1x"
63,FoxNews,Fox News,2017-12-01 11:37:43+00:00,0.139,0.541,0.321,-0.7506,Laura Wilkerson: ‚ÄúI just sickened by the verdict. It just seems like such a travesty and such a mockery of the just‚Ä¶ https://t.co/Dv3M1bB3H7
62,FoxNews,Fox News,2017-12-01 11:40:00+00:00,0.0,0.72,0.28,-0.5423,"Explosion at Japanese chemical plants kills one, injures 11 https://t.co/joCiHtc6Vi"
61,FoxNews,Fox News,2017-12-01 11:42:29+00:00,0.0,0.867,0.133,-0.3182,Laura Wilkerson: ‚ÄúThe Kate Steinle family will forever be changed because they‚Äôve lost their daughter.‚Äù‚Ä¶ https://t.co/KZqyklbJXQ
60,FoxNews,Fox News,2017-12-01 11:56:04+00:00,0.0,1.0,0.0,0.0,"Kimmel, Moore have heated exchange on Twitter https://t.co/WjzIyrjUwD"
59,FoxNews,Fox News,2017-12-01 12:00:01+00:00,0.0,1.0,0.0,0.0,The @USCapitol is seen at dawn on November 30. https://t.co/HzHpIURlxk
58,FoxNews,Fox News,2017-12-01 12:05:00+00:00,0.0,1.0,0.0,0.0,.@POTUS and @FLOTUS participated in the lighting of the National Christmas Tree on Thursday evening.‚Ä¶ https://t.co/SXHZzxau4r
57,FoxNews,Fox News,2017-12-01 12:19:00+00:00,0.07,0.529,0.401,-0.8176,"Trump calls Kate Steinle verdict 'disgraceful,' says 'no wonder' people are 'angry with illegal immigration'
https://t.co/ybP7egZIse"
56,FoxNews,Fox News,2017-12-01 12:21:20+00:00,0.103,0.532,0.365,-0.7106,"DOJ weighing federal charges in Kate Steinle murder case, after not guilty verdict - via @JakeBGibson
https://t.co/KyZ5GUeA1X"
55,FoxNews,Fox News,2017-12-01 12:26:26+00:00,0.0,1.0,0.0,0.0,"FBI account of Clinton-Lynch tarmac meeting released by watchdog group
https://t.co/YrGAFvCUQI"
54,FoxNews,Fox News,2017-12-01 12:28:15+00:00,0.0,0.694,0.306,-0.296,".@KevinJacksonTBS: ""Kaepernick is no Ali."" https://t.co/QUXry0QCUB"
53,FoxNews,Fox News,2017-12-01 12:40:53+00:00,0.0,0.691,0.309,-0.8225,Cop taunts would-be killer with lube on way to prison: 'You are going to need a lot of this' https://t.co/4Ie0Me0gUq
52,FoxNews,Fox News,2017-12-01 12:42:30+00:00,0.0,1.0,0.0,0.0,".@FBI probe of ""Antifa ideology"" underway. https://t.co/yv2I1zPEYF"
51,FoxNews,Fox News,2017-12-01 12:47:17+00:00,0.11,0.89,0.0,0.1531,"Trump calls Kate Steinle verdict a ‚Äòtravesty of justice,‚Äô demands border wall- via @brookefoxnews
https://t.co/YXfY5XqTnq"
50,FoxNews,Fox News,2017-12-01 12:47:19+00:00,0.099,0.639,0.262,-0.5875,"Moments ago, President @realDonaldTrump once more slammed the not guilty verdict in the Kate Steinle murder trial.‚Ä¶ https://t.co/U1uVMI0tim"
49,FoxNews,Fox News,2017-12-01 12:47:57+00:00,0.0,0.769,0.231,-0.2732,.@TheJusticeDept considering federal charges for Zarate. https://t.co/Z8Eeg8F5j8 https://t.co/v8NElBb3aw
48,FoxNews,Fox News,2017-12-01 12:50:29+00:00,0.0,0.825,0.175,-0.5267,".@whignewtons: ""These people should be deported. These are criminal aliens who are then returned intentionally into‚Ä¶ https://t.co/C5Wtm6WwxP"
47,FoxNews,Fox News,2017-12-01 13:08:21+00:00,0.098,0.794,0.107,-0.0516,".@KellyannePolls: ""@POTUS... has remained committed to not just the memories of Kate and all the other victims but‚Ä¶ https://t.co/FPT4X1xRQh"
46,FoxNews,Fox News,2017-12-01 13:10:06+00:00,0.0,0.718,0.282,-0.7096,".@KellyannePolls: ""The No Sanctuary for Criminals Act basically tells our major sanctuary cities, 'You're not getti‚Ä¶ https://t.co/E5tZflenbk"
45,FoxNews,Fox News,2017-12-01 13:13:48+00:00,0.0,0.828,0.172,-0.4019,".@SarahFloresDOJ: ""We will prosecute this to the fullest extent available in the law."" https://t.co/EDnx4XHklo"
44,FoxNews,Fox News,2017-12-01 13:17:04+00:00,0.0,0.844,0.156,-0.5423,"Laura Wilkerson: ""I was just sickened by the verdict... I believe that the jury should've heard that he had 7 felon‚Ä¶ https://t.co/w6lzkRwfP0"
43,FoxNews,Fox News,2017-12-01 13:18:08+00:00,0.0,0.69,0.31,-0.8442,"Laura Wilkerson, a Texas mother whose son was killed by an illegal immigrant, had a simple question for those who r‚Ä¶ https://t.co/KiFg7ntl4a"
42,FoxNews,Fox News,2017-12-01 13:26:17+00:00,0.0,1.0,0.0,0.0,Dem Rep. Gutierrez testing waters for potential 2020 presidential run https://t.co/3cnl2ktwZN
41,FoxNews,Fox News,2017-12-01 13:29:37+00:00,0.172,0.828,0.0,0.4019,".@dbongino: ""It's been widely reported that [#KateSteinle's] last words were, 'Help me, Dad.'"" https://t.co/VM5mSe161K"
40,FoxNews,Fox News,2017-12-01 13:38:04+00:00,0.067,0.862,0.071,-0.0258,"""@POTUS... has remained committed to not just the memories of Kate and all the other victims but those Angel Moms a‚Ä¶ https://t.co/TBfMnlndOR"
39,FoxNews,Fox News,2017-12-01 13:46:38+00:00,0.275,0.583,0.142,0.3818,'Do Not Resuscitate' tattoo causes ER ethical dilemma https://t.co/yFZJ0poD6Y
38,FoxNews,Fox News,2017-12-01 14:06:01+00:00,0.0,1.0,0.0,0.0,Matt Lauer to Sandra Bullock in 2009 interview: 'I have seen you naked' https://t.co/7X1rOPWja3
37,FoxNews,Fox News,2017-12-01 14:11:56+00:00,0.112,0.818,0.07,0.2235,"Thomas Homan, Acting Director of @ICEgov, gave a statement in the wake of the not guilty verdict in the‚Ä¶ https://t.co/1tiztPfuad"
36,FoxNews,Fox News,2017-12-01 14:13:22+00:00,0.0,1.0,0.0,0.0,".@SeanHannity: ‚ÄúFor almost a decade, those same people you see bashing this tax reduction, this tax reform, are the‚Ä¶ https://t.co/VbbTzxvf77"
35,FoxNews,Fox News,2017-12-01 14:18:34+00:00,0.0,0.878,0.122,-0.2023,BREAKING NEWS: @GenFlynn to be charged with making false statements to the @FBI. https://t.co/6vjzDKIng7
34,FoxNews,Fox News,2017-12-01 14:25:03+00:00,0.235,0.609,0.157,0.2263,"Michael Flynn charged in special counsel's Russia investigation
https://t.co/WCJsgJnacW"
33,FoxNews,Fox News,2017-12-01 14:35:53+00:00,0.0,0.563,0.437,-0.7351,.@AP: @GenFlynn to plead guilty to lying to @FBI. https://t.co/93PX0Pr3qF
32,FoxNews,Fox News,2017-12-01 14:49:39+00:00,0.0,0.635,0.365,-0.5574,"Michael Flynn charged in Russia investigation, guilty plea expected https://t.co/p0SmXpxgKy"
31,FoxNews,Fox News,2017-12-01 14:51:42+00:00,0.148,0.852,0.0,0.3818,.@SandraSmithFox: @WhiteHouse: Referring all inquiries about and reactions to GenFlynn to @POTUS's attorney Ty Cobb. https://t.co/hZqEZBS6qR
30,FoxNews,Fox News,2017-12-01 14:55:32+00:00,0.0,0.64,0.36,-0.7351,.@AP: @GenFlynn to plead guilty to lying to @FBI; @JudgeNap discusses. https://t.co/NFWXz5Idvw https://t.co/kmKH4iIvwA
29,FoxNews,Fox News,2017-12-01 14:59:06+00:00,0.0,1.0,0.0,0.0,".@JudgeNap: ""What did @GenFlynn through his lawyers give to Bob Mueller through his FBI agents to induce Mueller to‚Ä¶ https://t.co/bqMe4LcdWK"
28,FoxNews,Fox News,2017-12-01 15:02:04+00:00,0.0,0.659,0.341,-0.7351,.@AP: @GenFlynn to plead guilty to lying to @FBI; Catherine Herridge discusses. https://t.co/NFWXz5qC6W https://t.co/oFHqCDd4wH
27,FoxNews,Fox News,2017-12-01 15:04:52+00:00,0.0,0.885,0.115,-0.296,".@mschlapp: ""This is about @GenFlynn lying about conversations while overseas with a Russian official but it has no‚Ä¶ https://t.co/7Hs307918H"
26,FoxNews,Fox News,2017-12-01 15:06:23+00:00,0.0,1.0,0.0,0.0,".@mschlapp: ""The Obama Administration was surveilling team Trump and unmasking in hundreds of occasions."" https://t.co/znChAUGIGI"
25,FoxNews,Fox News,2017-12-01 15:10:19+00:00,0.0,1.0,0.0,0.0,".@KatiePavlich: ""The closest we get to Russia with the Flynn information that we have is that he had conversations‚Ä¶ https://t.co/UBSj7cEvCt"
24,FoxNews,Fox News,2017-12-01 15:15:31+00:00,0.0,0.769,0.231,-0.2732,SOON: @WhiteHouse statement on Michael Flynn charges. https://t.co/ovm8GZgezr
23,FoxNews,Fox News,2017-12-01 15:21:22+00:00,0.0,0.754,0.246,-0.7351,"Moments ago, @KatiePavlich gave her take on the breaking news that Michael Flynn will plead guilty to lying to the‚Ä¶ https://t.co/6fRPPuKicE"
22,FoxNews,Fox News,2017-12-01 15:23:53+00:00,0.0,1.0,0.0,0.0,Happening Now: Michael Flynn arrives at courthouse. https://t.co/NFWXz5Idvw https://t.co/EZnQ7wNGzp
21,FoxNews,Fox News,2017-12-01 15:35:19+00:00,0.0,1.0,0.0,0.0,'Tis the season to be jolly...Fa-la-la-la-la la-la-la-la!üéÑHere's a look at Christmas trees around the world. https://t.co/K35puQDRmI
20,FoxNews,Fox News,2017-12-01 13:38:04+00:00,0.067,0.862,0.071,-0.0258,"""@POTUS... has remained committed to not just the memories of Kate and all the other victims but those Angel Moms a‚Ä¶ https://t.co/TBfMnlndOR"
19,FoxNews,Fox News,2017-12-01 13:46:38+00:00,0.275,0.583,0.142,0.3818,'Do Not Resuscitate' tattoo causes ER ethical dilemma https://t.co/yFZJ0poD6Y
18,FoxNews,Fox News,2017-12-01 14:06:01+00:00,0.0,1.0,0.0,0.0,Matt Lauer to Sandra Bullock in 2009 interview: 'I have seen you naked' https://t.co/7X1rOPWja3
17,FoxNews,Fox News,2017-12-01 14:11:56+00:00,0.112,0.818,0.07,0.2235,"Thomas Homan, Acting Director of @ICEgov, gave a statement in the wake of the not guilty verdict in the‚Ä¶ https://t.co/1tiztPfuad"
16,FoxNews,Fox News,2017-12-01 14:13:22+00:00,0.0,1.0,0.0,0.0,".@SeanHannity: ‚ÄúFor almost a decade, those same people you see bashing this tax reduction, this tax reform, are the‚Ä¶ https://t.co/VbbTzxvf77"
15,FoxNews,Fox News,2017-12-01 14:18:34+00:00,0.0,0.878,0.122,-0.2023,BREAKING NEWS: @GenFlynn to be charged with making false statements to the @FBI. https://t.co/6vjzDKIng7
14,FoxNews,Fox News,2017-12-01 14:25:03+00:00,0.235,0.609,0.157,0.2263,"Michael Flynn charged in special counsel's Russia investigation
https://t.co/WCJsgJnacW"
13,FoxNews,Fox News,2017-12-01 14:35:53+00:00,0.0,0.563,0.437,-0.7351,.@AP: @GenFlynn to plead guilty to lying to @FBI. https://t.co/93PX0Pr3qF
12,FoxNews,Fox News,2017-12-01 14:49:39+00:00,0.0,0.635,0.365,-0.5574,"Michael Flynn charged in Russia investigation, guilty plea expected https://t.co/p0SmXpxgKy"
11,FoxNews,Fox News,2017-12-01 14:51:42+00:00,0.148,0.852,0.0,0.3818,.@SandraSmithFox: @WhiteHouse: Referring all inquiries about and reactions to GenFlynn to @POTUS's attorney Ty Cobb. https://t.co/hZqEZBS6qR
10,FoxNews,Fox News,2017-12-01 14:55:32+00:00,0.0,0.64,0.36,-0.7351,.@AP: @GenFlynn to plead guilty to lying to @FBI; @JudgeNap discusses. https://t.co/NFWXz5Idvw https://t.co/kmKH4iIvwA
9,FoxNews,Fox News,2017-12-01 14:59:06+00:00,0.0,1.0,0.0,0.0,".@JudgeNap: ""What did @GenFlynn through his lawyers give to Bob Mueller through his FBI agents to induce Mueller to‚Ä¶ https://t.co/bqMe4LcdWK"
8,FoxNews,Fox News,2017-12-01 15:02:04+00:00,0.0,0.659,0.341,-0.7351,.@AP: @GenFlynn to plead guilty to lying to @FBI; Catherine Herridge discusses. https://t.co/NFWXz5qC6W https://t.co/oFHqCDd4wH
7,FoxNews,Fox News,2017-12-01 15:04:52+00:00,0.0,0.885,0.115,-0.296,".@mschlapp: ""This is about @GenFlynn lying about conversations while overseas with a Russian official but it has no‚Ä¶ https://t.co/7Hs307918H"
6,FoxNews,Fox News,2017-12-01 15:06:23+00:00,0.0,1.0,0.0,0.0,".@mschlapp: ""The Obama Administration was surveilling team Trump and unmasking in hundreds of occasions."" https://t.co/znChAUGIGI"
5,FoxNews,Fox News,2017-12-01 15:10:19+00:00,0.0,1.0,0.0,0.0,".@KatiePavlich: ""The closest we get to Russia with the Flynn information that we have is that he had conversations‚Ä¶ https://t.co/UBSj7cEvCt"
4,FoxNews,Fox News,2017-12-01 15:15:31+00:00,0.0,0.769,0.231,-0.2732,SOON: @WhiteHouse statement on Michael Flynn charges. https://t.co/ovm8GZgezr
3,FoxNews,Fox News,2017-12-01 15:21:22+00:00,0.0,0.754,0.246,-0.7351,"Moments ago, @KatiePavlich gave her take on the breaking news that Michael Flynn will plead guilty to lying to the‚Ä¶ https://t.co/6fRPPuKicE"
2,FoxNews,Fox News,2017-12-01 15:23:53+00:00,0.0,1.0,0.0,0.0,Happening Now: Michael Flynn arrives at courthouse. https://t.co/NFWXz5Idvw https://t.co/EZnQ7wNGzp
1,FoxNews,Fox News,2017-12-01 15:35:19+00:00,0.0,1.0,0.0,0.0,'Tis the season to be jolly...Fa-la-la-la-la la-la-la-la!üéÑHere's a look at Christmas trees around the world. https://t.co/K35puQDRmI
100,nytimes,The New York Times,2017-11-30 22:32:04+00:00,0.169,0.617,0.214,-0.0258,Your Christmas tree will probably cost more this year than last. Blame it on the Great Recession. https://t.co/c0td8cNzIh
99,nytimes,The New York Times,2017-11-30 22:47:05+00:00,0.0,1.0,0.0,0.0,"The NYT movie review of ‚ÄúThe Shape of Water‚Äù
https://t.co/Wde9dPiR7d"
98,nytimes,The New York Times,2017-11-30 23:02:01+00:00,0.0,0.87,0.13,-0.4019,The Joint Committee on Taxation said the Senate bill will add $1 trillion to the deficit over a decade https://t.co/8VnaM2ppgs
97,nytimes,The New York Times,2017-11-30 23:17:01+00:00,0.0,1.0,0.0,0.0,"RT @nytopinion: You‚Äôre either with our bodies or against our bodies, says @ambertamblyn https://t.co/uWnFt7FH7r"
96,nytimes,The New York Times,2017-11-30 23:32:03+00:00,0.0,0.915,0.085,-0.1027,"By 2027, people making $40,000 to $50,000 would pay a combined $5.3 billion more in taxes https://t.co/YOGH0fxHQn"
95,nytimes,The New York Times,2017-11-30 23:47:06+00:00,0.0,1.0,0.0,0.0,Evening Briefing: Here's what you need to know at the end of the day https://t.co/WFhHZXzXEW
94,nytimes,The New York Times,2017-12-01 00:02:01+00:00,0.0,1.0,0.0,0.0,A magnitude-4.1 earthquake centered in Delaware reverberated along the East Coast on Thursday afternoon https://t.co/8ISbKBPHCr
93,nytimes,The New York Times,2017-12-01 00:17:04+00:00,0.0,0.87,0.13,-0.5994,"RT @onishinyt: My contribution to ‚ÄúThe End,‚Äô‚Äô the NYT‚Äôs series on how we die in this world. This one is from Japan and it‚Äôs about the lonel‚Ä¶"
92,nytimes,The New York Times,2017-12-01 00:32:07+00:00,0.128,0.872,0.0,0.3612,"The GOP tax bills seem almost tailor-made to enrich President Trump and people like him, @JamesStewartNYT writes https://t.co/byyQRc04cW"
91,nytimes,The New York Times,2017-12-01 00:47:05+00:00,0.291,0.556,0.154,0.4939,"Even in his lousiest pictures, Jean-Claude Van Damme is a thing of beauty, a graceful, whirling dynamo‚Ä¶ https://t.co/sHr6jF31Q5"
90,nytimes,The New York Times,2017-12-01 01:02:02+00:00,0.412,0.588,0.0,0.6369,The 10 best books of 2017 https://t.co/h7u7rCXVJ1
89,nytimes,The New York Times,2017-12-01 01:20:23+00:00,0.103,0.67,0.227,-0.5267,An undocumented Mexican immigrant was acquitted in the 2015 killing of a San Francisco woman https://t.co/SB1JlvESsu
88,nytimes,The New York Times,2017-12-01 01:32:00+00:00,0.0,0.563,0.437,-0.9042,"RT @nytopinion: Mnuchin lied. Trump lied. Cornyn lied. Corker lied ‚Äî lies are the basis of the GOP tax plan, @PaulKrugman says https://t.co‚Ä¶"
87,nytimes,The New York Times,2017-12-01 01:47:02+00:00,0.0,1.0,0.0,0.0,Paleontologists have uncovered 200 fossilized pterosaur eggs in a 120-million-year old boneyard in China https://t.co/aH8VkU2BEC
86,nytimes,The New York Times,2017-12-01 01:56:58+00:00,0.228,0.772,0.0,0.4824,RT @jakesNYT: SCOOP: Trump Pressed Top Republicans to End Senate Russia Inquiry @jmartNYT @maggieNYT @alexburnsNYT https://t.co/HKZRDtYWSS
85,nytimes,The New York Times,2017-12-01 02:11:06+00:00,0.0,1.0,0.0,0.0,Evening Briefing: Here's what you need to know at the end of the day https://t.co/tSSFUiNtbR
84,nytimes,The New York Times,2017-12-01 02:17:04+00:00,0.154,0.846,0.0,0.4767,Trump pressed Senate Republicans over the summer to end the Intelligence Committee‚Äôs Russia inquiry ‚Äúas quickly as‚Ä¶ https://t.co/NnKkXN5hPP
83,nytimes,The New York Times,2017-12-01 02:32:05+00:00,0.0,1.0,0.0,0.0,"RT @jmartNYT: News: Trump has urged multiple senators, including BURR, to wrap up Russia probe

w @maggieNYT @alexburnsNYT &gt;

https://t.co/‚Ä¶"
82,nytimes,The New York Times,2017-12-01 02:47:01+00:00,0.0,1.0,0.0,0.0,How Elon Musk brought the world‚Äôs biggest battery to rural Australia https://t.co/gKdOE87mWy
81,nytimes,The New York Times,2017-12-01 03:02:05+00:00,0.2,0.8,0.0,0.4588,Argentine Navy signaled that it had given up hope of finding the 44 crew members aboard a submarine https://t.co/4YmCAWQwKb
80,nytimes,The New York Times,2017-12-01 03:17:17+00:00,0.0,1.0,0.0,0.0,"Jay-Z sat down with Dean Baquet, the executive editor of The New York Times, for a discussion on race, rap, politic‚Ä¶ https://t.co/1LyZyVdUG6"
79,nytimes,The New York Times,2017-12-01 03:32:02+00:00,0.191,0.72,0.089,0.34,What share of people with your income would see a tax cut or increase? Choose an income group to see. https://t.co/SeI8YwuSLr
78,nytimes,The New York Times,2017-12-01 03:47:05+00:00,0.0,0.722,0.278,-0.7311,"RT @nytopinion: Rex Tillerson may be forced out as secretary state, but his replacement might be worse https://t.co/Y9F8qgZTJu"
77,nytimes,The New York Times,2017-12-01 04:02:04+00:00,0.132,0.868,0.0,0.4404,"The NYT obituary for Jim Nabors, who found fame as an amiable bumpkin while pursuing a second career as a singer https://t.co/LetUTct2mg"
76,nytimes,The New York Times,2017-12-01 04:17:02+00:00,0.481,0.519,0.0,0.9001,"Solving crossword puzzles is like mental yoga ‚Äî both challenging and relaxing at the same time. Plus, it‚Äôs fun. https://t.co/6VyCKRwHRz"
75,nytimes,The New York Times,2017-12-01 04:32:02+00:00,0.0,1.0,0.0,0.0,National Academy of Sciences called on the U.S. government to make policy changes to bring down drug prices https://t.co/Gcfq3OIuPM
74,nytimes,The New York Times,2017-12-01 04:47:03+00:00,0.0,0.861,0.139,-0.5256,"RT @nytimesbusiness: ""I'm very disappointed in him."" Outside the ""Today"" studio on Thursday morning, fans of the show reacted to Matt Lauer‚Ä¶"
73,nytimes,The New York Times,2017-12-01 05:02:07+00:00,0.176,0.824,0.0,0.4939,"The tax plan could reshape major areas of American life, from education to health care https://t.co/1bEc0ZMnJ8"
72,nytimes,The New York Times,2017-12-01 05:17:05+00:00,0.107,0.893,0.0,0.2023,President Trump over the summer repeatedly urged top Senate Republicans to end the Russia investigation https://t.co/2RyxqXjgi5
71,nytimes,The New York Times,2017-12-01 05:32:02+00:00,0.0,1.0,0.0,0.0,Matt Lauer's ranch purchase is examined in New Zealand https://t.co/XsdoXKQENY
70,nytimes,The New York Times,2017-12-01 05:47:07+00:00,0.065,0.804,0.131,-0.3182,Russell Simmons: ‚ÄúI don‚Äôt want to be a distraction so I am removing myself from the businesses that I founded‚Äù https://t.co/pRfP2lfsFG
69,nytimes,The New York Times,2017-12-01 06:02:04+00:00,0.133,0.867,0.0,0.3818,"Elon Musk has turned on the world‚Äôs biggest battery, capable of powering 30,000 homes in South Australia https://t.co/19ms4QWSag"
68,nytimes,The New York Times,2017-12-01 06:17:01+00:00,0.098,0.824,0.078,0.128,"RT @meslackman: What is it like to be elderly, alone and facing one‚Äôs mortality in Japan?  @onishinyt takes us inside their world. https://‚Ä¶"
67,nytimes,The New York Times,2017-12-01 06:30:15+00:00,0.0,1.0,0.0,0.0,"Video of Libya slave-market for African migrants incites international furor. But in Europe, not so much. https://t.co/L50Zn0JF3Q"
66,nytimes,The New York Times,2017-12-01 06:45:06+00:00,0.0,1.0,0.0,0.0,"RT @nytimesworld: The emperor of Japan will step down on April 30, 2019, the first abdication by a Japanese monarch in two centuries https:‚Ä¶"
65,nytimes,The New York Times,2017-12-01 06:59:03+00:00,0.188,0.615,0.196,-0.0516,"Myanmar's civilian leader, Aung San Suu Kyi, is getting a warm welcome in China ‚Äì and no criticism over the Rohingy‚Ä¶ https://t.co/Jai7MaOnUL"
64,nytimes,The New York Times,2017-12-01 07:15:04+00:00,0.0,0.825,0.175,-0.5267,Reza Zarrab testified that Erdogan personally ordered that 2 banks participate in a scheme that violated Iran sanct‚Ä¶ https://t.co/q5tDNDbOMI
63,nytimes,The New York Times,2017-12-01 07:30:07+00:00,0.0,0.754,0.246,-0.7602,"RT @nytpolitics: How much did the abuse of women ‚Äî often younger, subordinate or not famous ‚Äî by powerful male journalists factor into the‚Ä¶"
62,nytimes,The New York Times,2017-12-01 07:45:03+00:00,0.0,1.0,0.0,0.0,A demolition drive by the government has left parts of Beijing in shambles and tens of thousands of migrants homele‚Ä¶ https://t.co/SbF2rNh3Ye
61,nytimes,The New York Times,2017-12-01 07:59:05+00:00,0.0,1.0,0.0,0.0,RT @peterbakernyt: Replacing Tillerson with Pompeo would bring a sharply different viewpoint to the State Department. @MarkLandler  https:/‚Ä¶
60,nytimes,The New York Times,2017-12-01 08:15:05+00:00,0.0,1.0,0.0,0.0,"Niger gave the Pentagon permission to fly armed drones there, a major expansion of the military‚Äôs footprint in Afri‚Ä¶ https://t.co/zMarezjBnT"
59,nytimes,The New York Times,2017-12-01 08:30:10+00:00,0.0,0.7,0.3,-0.7189,"Glitter is not good for the environment, and some people are trying to ban it https://t.co/lEzgX4OuDG"
58,nytimes,The New York Times,2017-12-01 08:45:07+00:00,0.154,0.846,0.0,0.4767,Trump pressed Senate Republicans over the summer to end the Intelligence Committee‚Äôs Russia inquiry ‚Äúas quickly as‚Ä¶ https://t.co/hE2jnp2jtI
57,nytimes,The New York Times,2017-12-01 08:59:03+00:00,0.0,0.879,0.121,-0.296,"RT @PatrickKingsley: After months of speculation about Erdogan‚Äôs involvement in sanctions-busting, a key suspect directly implicated him ye‚Ä¶"
56,nytimes,The New York Times,2017-12-01 09:15:09+00:00,0.0,0.822,0.178,-0.3818,President Trump‚Äôs first big international trade fight could be over solar panels https://t.co/EOe6f6gee0
55,nytimes,The New York Times,2017-12-01 09:30:20+00:00,0.291,0.556,0.154,0.4939,"Even in his lousiest pictures, Jean-Claude Van Damme is a thing of beauty, a graceful, whirling dynamo‚Ä¶ https://t.co/dUskyeR6PC"
54,nytimes,The New York Times,2017-12-01 09:45:02+00:00,0.412,0.588,0.0,0.6369,The 10 best books of 2017 https://t.co/QOG8IwwrPJ
53,nytimes,The New York Times,2017-12-01 10:00:15+00:00,0.0,0.886,0.114,-0.4019,"RT @nytimesworld: London‚Äôs mayor, who had a run-in of his own with Trump, said any visit from the president would be unwelcome https://t.co‚Ä¶"
52,nytimes,The New York Times,2017-12-01 10:15:13+00:00,0.0,0.578,0.422,-0.8591,"Taliban militants disguised as women attacked a university dormitory in Pakistan, killing at least nine people https://t.co/SPLcUcCusW"
51,nytimes,The New York Times,2017-12-01 10:30:02+00:00,0.0,0.732,0.268,-0.5106,"President Trump's tweets managed to unite Britain, in outrage https://t.co/pDcOsOyEiN"
50,nytimes,The New York Times,2017-12-01 10:44:03+00:00,0.0,0.877,0.123,-0.2732,"""Where is the line between culturally appropriate dress and cultural appropriation?"" fashion critic @VVFriedman asks https://t.co/8qZuCMXj0t"
49,nytimes,The New York Times,2017-12-01 11:00:59+00:00,0.0,0.874,0.126,-0.3182,This baby hippo has spawned a frenzy that has people flying from all over to see her https://t.co/6y2hY3vHDB
48,nytimes,The New York Times,2017-12-01 11:15:07+00:00,0.0,0.521,0.479,-0.93,A former U.S. Marine was sentenced to life in prison for the rape and murder of a 20-year-old Japanese woman https://t.co/xPo80ZDh37
47,nytimes,The New York Times,2017-12-01 11:30:25+00:00,0.0,1.0,0.0,0.0,Morning¬†Briefing: Here's what you need to know to start your day https://t.co/5GYktup6se https://t.co/YgHimXEEXp
46,nytimes,The New York Times,2017-12-01 11:45:06+00:00,0.128,0.872,0.0,0.4215,"A preliminary deal between Russia and Egypt is the latest sign of the waning influence of the United States, analys‚Ä¶ https://t.co/tR4QNRV1k0"
45,nytimes,The New York Times,2017-12-01 12:00:08+00:00,0.0,0.909,0.091,-0.2263,The vote on the Republican tax bill was delayed after a report that the economics were off by a trillion dollars https://t.co/AECXjx79AY
44,nytimes,The New York Times,2017-12-01 12:10:05+00:00,0.154,0.846,0.0,0.4767,Trump pressed Senate Republicans over the summer to end the Intelligence Committee‚Äôs Russia inquiry ‚Äúas quickly as‚Ä¶ https://t.co/NcP5rfd64u
43,nytimes,The New York Times,2017-12-01 12:30:24+00:00,0.0,1.0,0.0,0.0,Trump's insistence on a 20% corporate tax rate is slowing negotiations for a final deal in the Senate https://t.co/NBY03HSheX
42,nytimes,The New York Times,2017-12-01 12:40:07+00:00,0.0,1.0,0.0,0.0,Jimmy Kimmel lashed out at Roy Moore after the two tangled on Twitter. Late-night roundup: https://t.co/YQiDp4zBch [corrected typo]
41,nytimes,The New York Times,2017-12-01 12:50:08+00:00,0.191,0.72,0.089,0.34,What share of people with your income would see a tax cut or increase? Choose an income group to see. https://t.co/QSZxFXRHAV
40,nytimes,The New York Times,2017-12-01 13:00:23+00:00,0.0,1.0,0.0,0.0,Morning¬†Briefing: Here's what you need to know to start your day https://t.co/Wwe03IwD5z https://t.co/sKhPFZlGcO
39,nytimes,The New York Times,2017-12-01 13:10:06+00:00,0.079,0.705,0.216,-0.5106,"The Pentagon will allow the U.S. military to arm itself with older cluster munitions, a weapon banned by 102 countr‚Ä¶ https://t.co/a04Flg91oA"
38,nytimes,The New York Times,2017-12-01 13:21:03+00:00,0.304,0.696,0.0,0.8074,"An Anglican cleric urged believers to pray for Prince George to find the love ""of a fine young gentleman"" when he g‚Ä¶ https://t.co/nGrURmZwZp"
37,nytimes,The New York Times,2017-12-01 13:32:03+00:00,0.0,1.0,0.0,0.0,"As Republicans mull changes to their tax plan, the spotlight will focus on several senators with varying concerns https://t.co/tFsPqTZAU8"
36,nytimes,The New York Times,2017-12-01 13:40:05+00:00,0.128,0.872,0.0,0.4215,"Israel Horovitz's son: ""I believe the allegations against my father are true, and I stand behind the women that mad‚Ä¶ https://t.co/vxiH7xIgz0"
35,nytimes,The New York Times,2017-12-01 13:50:04+00:00,0.161,0.839,0.0,0.359,"""I don't know what it is we're looking for, but we're more vigilant""  https://t.co/SgYdodgsfP"
34,nytimes,The New York Times,2017-12-01 14:00:27+00:00,0.0,0.482,0.518,-0.9169,"Don Burke, a once-beloved Australian TV figure, has been accused of harassing, assaulting and bullying women https://t.co/fKSasDE6lq"
33,nytimes,The New York Times,2017-12-01 14:11:04+00:00,0.096,0.904,0.0,0.2023,"The Malibu Diner has a speaker playing music outside, which signals to visually impaired regulars that they've arri‚Ä¶ https://t.co/7EuyA85UjK"
32,nytimes,The New York Times,2017-12-01 14:21:03+00:00,0.226,0.511,0.263,-0.128,When our trusted storytellers are also the abusers https://t.co/laQNxm3E0B
31,nytimes,The New York Times,2017-12-01 14:23:37+00:00,0.102,0.636,0.263,-0.5859,"Breaking News: President Trump's ex-national security adviser, Michael Flynn, pleaded guilty to lying to the FBI ab‚Ä¶ https://t.co/femVJfKXM5"
30,nytimes,The New York Times,2017-12-01 14:31:06+00:00,0.429,0.571,0.0,0.4588,Welcome to Pterosaur Park https://t.co/OFeQIitsj5
29,nytimes,The New York Times,2017-12-01 14:33:19+00:00,0.153,0.847,0.0,0.4019,"The plea is the latest indication that Flynn is cooperating with the special counsel's investigation
https://t.co/izjNNdyuhK"
28,nytimes,The New York Times,2017-12-01 14:40:03+00:00,0.0,0.521,0.479,-0.93,A former U.S. Marine was sentenced to life in prison for the rape and murder of a 20-year-old Japanese woman https://t.co/NsRblh2ncT
27,nytimes,The New York Times,2017-12-01 14:49:31+00:00,0.0,0.704,0.296,-0.7906,Correction: Michael Flynn has been charged with lying to the FBI and is expected to plead guilty. He has not entere‚Ä¶ https://t.co/SpTCtwGAul
26,nytimes,The New York Times,2017-12-01 14:51:04+00:00,0.0,1.0,0.0,0.0,The 2018 World Cup draw is taking place in Moscow. Live updates: https://t.co/Imt2rtY0Ke
25,nytimes,The New York Times,2017-12-01 15:00:49+00:00,0.0,1.0,0.0,0.0,Morning¬†Briefing: Here's what you need to know to start your day https://t.co/i9r6e8XftX https://t.co/Mc4tDjE3Di
24,nytimes,The New York Times,2017-12-01 15:10:37+00:00,0.0,0.741,0.259,-0.2732,See the charges against Michael Flynn https://t.co/cLSK3zkDI5
23,nytimes,The New York Times,2017-12-01 15:11:38+00:00,0.0,0.9,0.1,-0.2732,"Here's our Nov. 23 article that reported Michael Flynn had cut off ties with President Trump‚Äôs lawyers, a sign that‚Ä¶ https://t.co/dDJPznIUmq"
22,nytimes,The New York Times,2017-12-01 15:15:12+00:00,0.154,0.846,0.0,0.4767,"Trump pressed Senate Republicans over the summer to end the Intelligence Committee's Russia inquiry ""as quickly as‚Ä¶ https://t.co/8HmdKThMFN"
21,nytimes,The New York Times,2017-12-01 15:31:08+00:00,0.133,0.867,0.0,0.3818,"Elon Musk has turned on the world's biggest battery, capable of powering 30,000 homes in South Australia https://t.co/QSwmmPvyBx"
20,nytimes,The New York Times,2017-12-01 13:00:23+00:00,0.0,1.0,0.0,0.0,Morning¬†Briefing: Here's what you need to know to start your day https://t.co/Wwe03IwD5z https://t.co/sKhPFZlGcO
19,nytimes,The New York Times,2017-12-01 13:10:06+00:00,0.079,0.705,0.216,-0.5106,"The Pentagon will allow the U.S. military to arm itself with older cluster munitions, a weapon banned by 102 countr‚Ä¶ https://t.co/a04Flg91oA"
18,nytimes,The New York Times,2017-12-01 13:21:03+00:00,0.304,0.696,0.0,0.8074,"An Anglican cleric urged believers to pray for Prince George to find the love ""of a fine young gentleman"" when he g‚Ä¶ https://t.co/nGrURmZwZp"
17,nytimes,The New York Times,2017-12-01 13:32:03+00:00,0.0,1.0,0.0,0.0,"As Republicans mull changes to their tax plan, the spotlight will focus on several senators with varying concerns https://t.co/tFsPqTZAU8"
16,nytimes,The New York Times,2017-12-01 13:40:05+00:00,0.128,0.872,0.0,0.4215,"Israel Horovitz's son: ""I believe the allegations against my father are true, and I stand behind the women that mad‚Ä¶ https://t.co/vxiH7xIgz0"
15,nytimes,The New York Times,2017-12-01 13:50:04+00:00,0.161,0.839,0.0,0.359,"""I don't know what it is we're looking for, but we're more vigilant""  https://t.co/SgYdodgsfP"
14,nytimes,The New York Times,2017-12-01 14:00:27+00:00,0.0,0.482,0.518,-0.9169,"Don Burke, a once-beloved Australian TV figure, has been accused of harassing, assaulting and bullying women https://t.co/fKSasDE6lq"
13,nytimes,The New York Times,2017-12-01 14:11:04+00:00,0.096,0.904,0.0,0.2023,"The Malibu Diner has a speaker playing music outside, which signals to visually impaired regulars that they've arri‚Ä¶ https://t.co/7EuyA85UjK"
12,nytimes,The New York Times,2017-12-01 14:21:03+00:00,0.226,0.511,0.263,-0.128,When our trusted storytellers are also the abusers https://t.co/laQNxm3E0B
11,nytimes,The New York Times,2017-12-01 14:23:37+00:00,0.102,0.636,0.263,-0.5859,"Breaking News: President Trump's ex-national security adviser, Michael Flynn, pleaded guilty to lying to the FBI ab‚Ä¶ https://t.co/femVJfKXM5"
10,nytimes,The New York Times,2017-12-01 14:31:06+00:00,0.429,0.571,0.0,0.4588,Welcome to Pterosaur Park https://t.co/OFeQIitsj5
9,nytimes,The New York Times,2017-12-01 14:33:19+00:00,0.153,0.847,0.0,0.4019,"The plea is the latest indication that Flynn is cooperating with the special counsel's investigation
https://t.co/izjNNdyuhK"
8,nytimes,The New York Times,2017-12-01 14:40:03+00:00,0.0,0.521,0.479,-0.93,A former U.S. Marine was sentenced to life in prison for the rape and murder of a 20-year-old Japanese woman https://t.co/NsRblh2ncT
7,nytimes,The New York Times,2017-12-01 14:49:31+00:00,0.0,0.704,0.296,-0.7906,Correction: Michael Flynn has been charged with lying to the FBI and is expected to plead guilty. He has not entere‚Ä¶ https://t.co/SpTCtwGAul
6,nytimes,The New York Times,2017-12-01 14:51:04+00:00,0.0,1.0,0.0,0.0,The 2018 World Cup draw is taking place in Moscow. Live updates: https://t.co/Imt2rtY0Ke
5,nytimes,The New York Times,2017-12-01 15:00:49+00:00,0.0,1.0,0.0,0.0,Morning¬†Briefing: Here's what you need to know to start your day https://t.co/i9r6e8XftX https://t.co/Mc4tDjE3Di
4,nytimes,The New York Times,2017-12-01 15:10:37+00:00,0.0,0.741,0.259,-0.2732,See the charges against Michael Flynn https://t.co/cLSK3zkDI5
3,nytimes,The New York Times,2017-12-01 15:11:38+00:00,0.0,0.9,0.1,-0.2732,"Here's our Nov. 23 article that reported Michael Flynn had cut off ties with President Trump‚Äôs lawyers, a sign that‚Ä¶ https://t.co/dDJPznIUmq"
2,nytimes,The New York Times,2017-12-01 15:15:12+00:00,0.154,0.846,0.0,0.4767,"Trump pressed Senate Republicans over the summer to end the Intelligence Committee's Russia inquiry ""as quickly as‚Ä¶ https://t.co/8HmdKThMFN"
1,nytimes,The New York Times,2017-12-01 15:31:08+00:00,0.133,0.867,0.0,0.3818,"Elon Musk has turned on the world's biggest battery, capable of powering 30,000 homes in South Australia https://t.co/QSwmmPvyBx"
